"original_text","perturbed_text","original_score","perturbed_score","original_output","perturbed_output","ground_truth_output","num_queries","result_type"
"* XX 1 * ","* XX 1 * ",0.0015369653701782227,0.0015369653701782227,0,0,0,3,"Failed"
"AsyncRAT [[Server]] """" """" AsyncRAT [[Server]] ","AsyncRAT [[Serfs]] """" """" AsyncRAT [[Sever]] ",0.0011841058731079102,0.0016310811042785645,0,0,0,43,"Failed"
""""" xx Default [[Company]] Ltd """" ",""""" xx Default [[Airlines]] Ltd """" ",0.001360476016998291,0.0018612146377563477,0,0,0,70,"Failed"
"AsyncRAT Server """" """" AsyncRAT [[Server]] ","AsyncRAT Server """" """" AsyncRAT [[Retainers]] ",0.0009818077087402344,0.0019237995147705078,0,0,0,43,"Failed"
""""" US [[Dis]] """" ",""""" US [[Telling]] """" ",0.0012371540069580078,0.0018565654754638672,0,0,0,12,"Failed"
"localhost [[AU]] [[Internet]] Widgits Pty Ltd localhost ","localhost [[UA]] [[Electronic]] Widgits Pty Ltd localhost ",0.0018270015716552734,0.0024278759956359863,0,0,0,42,"Failed"
"rRPiRh1UFG.[[info]] """" """" rRPiRh1UFG.[[info]] ","rRPiRh1UFG.[[data]] """" """" rRPiRh1UFG.[[notifying]] ",0.0008394718170166016,0.0018114447593688965,0,0,0,48,"Failed"
"serangredrt.Deaneereoso.[[nagoya]] [[SR]] Rerarsona Tondome [[sf]]. serangredrt.Deaneereoso.[[nagoya]] ","serangredrt.Deaneereoso.[[narita]] [[TECHNICS]] Rerarsona Tondome [[sm]]. serangredrt.Deaneereoso.[[jeju]] ",0.002707540988922119,0.009360313415527344,0,0,0,71,"Failed"
"AsyncRAT [[Server]] """" """" AsyncRAT Server ","AsyncRAT [[Bartenders]] """" """" AsyncRAT Server ",0.0011259913444519043,0.0023131370544433594,0,0,0,43,"Failed"
"AsyncRAT Server """" """" AsyncRAT [[Server]] ","AsyncRAT Server """" """" AsyncRAT [[Waitress]] ",0.0009255409240722656,0.0015391111373901367,0,0,0,43,"Failed"
"grumhit.[[com]] [[US]] Let's [[Encrypt]] Let's [[Encrypt]] [[Authority]] X3 ","grumhit.[[coms]] [[NOUS]] Let's [[Cipher]] Let's [[Quantify]] [[Authorizing]] X3 ",0.001442253589630127,0.6567955613136292,0,1,0,114,"Successful"
""""" AU [[Internet]] Widgits Pty Ltd """" ",""""" AU [[Onscreen]] Widgits Pty Ltd """" ",0.0017514228820800781,0.0021061301231384277,0,0,0,37,"Failed"
"microsoft.com US Microsoft Ltd [[microsoft]].[[com]] ","microsoft.com US Microsoft Ltd [[adobe]].[[omg]] ",0.0011528730392456055,0.9947330951690674,0,1,0,15,"Successful"
"Quasar Server [[CA]] """" """" Quasar [[Server]] CA ","Quasar Server [[CAN]] """" """" Quasar [[Vassals]] CA ",0.0010614991188049316,0.0025666356086730957,0,0,0,81,"Failed"
"AsyncRAT Server """" """" AsyncRAT [[Server]] ","AsyncRAT Server """" """" AsyncRAT [[Minion]] ",0.0008801817893981934,0.001691579818725586,0,0,0,43,"Failed"
"aceremote.xyz [[US]] Let's Encrypt R3 ","aceremote.xyz [[VS]] Let's Encrypt R3 ",0.10293954610824585,0.8089137673377991,0,1,0,23,"Successful"
"attentionmagnet.[[top]] US Let's Encrypt R3 ","attentionmagnet.[[principal]] US Let's Encrypt R3 ",0.015040457248687744,0.9962968826293945,0,1,0,21,"Successful"
"clik2dot """" """" clik2dot ","clik2dot """" """" clik2dot ",0.001195073127746582,0.001195073127746582,0,0,0,3,"Failed"
"DcRat [[CN]] DcRat [[By]] qwqdanchun bax ","DcRat [[NP]] DcRat [[For]] qwqdanchun bax ",0.001202702522277832,0.001866161823272705,0,0,0,19,"Failed"
"AsyncRAT [[Server]] """" """" AsyncRAT [[Server]] ","AsyncRAT [[Servant]] """" """" AsyncRAT [[Minion]] ",0.0010613799095153809,0.0015794038772583008,0,0,0,43,"Failed"
""""" AU [[Internet]] Widgits Pty [[Ltd]] """" ",""""" AU [[Onscreen]] Widgits Pty [[Restricted]] """" ",0.0014328956604003906,0.0029654502868652344,0,0,0,37,"Failed"
"gasonz.com [[US]] gasonz gasonz.com ","gasonz.com [[AMERICAN]] gasonz gasonz.com ",0.002719402313232422,0.002900362014770508,0,0,0,29,"Failed"
"localhost [[AU]] [[Internet]] Widgits Pty Ltd localhost ","localhost [[AFRICA]] [[Networking]] Widgits Pty Ltd localhost ",0.0016668438911437988,0.0031110644340515137,0,0,0,42,"Failed"
"example.com GB [[Global]] [[Security]] [[example]].[[com]] ","example.com GB [[Planet]] [[Insurance]] [[dossiers]].[[kom]] ",0.0013248324394226074,0.992179811000824,0,1,0,114,"Successful"
"[[XX]] XX XX XX ","[[TWENTIETH]] XX XX XX ",0.0019532442092895508,0.0028399229049682617,0,0,0,17,"Failed"
"localhost [[GB]] MyCompany [[Ltd]]. localhost ","localhost [[MB]] MyCompany [[Scant]]. localhost ",0.0009788274765014648,0.0028943419456481934,0,0,0,24,"Failed"
"listjhueaa.cn [[US]] Let's [[Encrypt]] Let's [[Encrypt]] [[Authority]] X3 ","listjhueaa.cn [[AMERICAS]] Let's [[Quantify]] Let's [[Costed]] [[Approval]] X3 ",0.0009416937828063965,0.004311621189117432,0,0,0,115,"Failed"
"AsyncRAT [[Server]] """" """" AsyncRAT [[Server]] ","AsyncRAT [[Severs]] """" """" AsyncRAT [[Vassals]] ",0.0013180375099182129,0.0017427802085876465,0,0,0,43,"Failed"
""""" [[AU]] Internet Widgits Pty Ltd """" ",""""" [[AFRICAN]] Internet Widgits Pty Ltd """" ",0.0008715987205505371,0.0027956366539001465,0,0,0,37,"Failed"
"AsyncRAT [[Server]] """" """" AsyncRAT [[Server]] ","AsyncRAT [[Vassals]] """" """" AsyncRAT [[Officials]] ",0.0008935332298278809,0.002142488956451416,0,0,0,43,"Failed"
"* XX 1 * ","* XX 1 * ",0.001753687858581543,0.001753687858581543,0,0,0,3,"Failed"
"bonny.accesscam.org US Let's Encrypt Let's Encrypt [[Authority]] X3 ","bonny.accesscam.org US Let's Encrypt Let's Encrypt [[Authorize]] X3 ",0.0019041895866394043,0.658936619758606,0,1,0,48,"Successful"
"sldeodjiweiswi.com """" """" sldeodjiweiswi.[[com]] ","sldeodjiweiswi.com """" """" sldeodjiweiswi.[[omg]] ",0.0013192296028137207,0.004027307033538818,0,0,0,11,"Failed"
"rat1 """" """" rat1 ","rat1 """" """" rat1 ",0.0014151334762573242,0.0014151334762573242,0,0,0,3,"Failed"
""""" US [[Dis]] """" ",""""" US [[Tell]] """" ",0.0010555386543273926,0.0017201900482177734,0,0,0,12,"Failed"
"sumeriun.com US Let's [[Encrypt]] Let's Encrypt [[Authority]] X3 ","sumeriun.com US Let's [[Quantify]] Let's Encrypt [[Authorize]] X3 ",0.0016939640045166016,0.5524660348892212,0,1,0,71,"Successful"
"BitRAT """" """" BitRAT ","BitRAT """" """" BitRAT ",0.0008995532989501953,0.0008995532989501953,0,0,0,3,"Failed"
"[[new]] """" """" [[new]] ","[[roman]] """" """" [[youngest]] ",0.0012061595916748047,0.0021805763244628906,0,0,0,17,"Failed"
"AsyncRAT [[Server]] """" """" AsyncRAT [[Server]] ","AsyncRAT [[Waitress]] """" """" AsyncRAT [[Wench]] ",0.00110548734664917,0.002322256565093994,0,0,0,43,"Failed"
"[[example]].com GB Global Security [[example]].[[com]] ","[[specimen]].com GB Global Security [[illustration]].[[omg]] ",0.001316368579864502,0.9955461621284485,0,1,0,65,"Successful"
"sasf6asf683jfsd.xyz [[US]] Let's [[Encrypt]] R3 ","sasf6asf683jfsd.xyz [[WE]] Let's [[Encrypted]] R3 ",0.020031452178955078,0.02553737163543701,0,0,0,47,"Failed"
"AsyncRAT [[Server]] """" """" AsyncRAT [[Server]] ","AsyncRAT [[Vassals]] """" """" AsyncRAT [[Waitresses]] ",0.0010433197021484375,0.002263784408569336,0,0,0,43,"Failed"
"DarkEye [[Server]] """" """" DarkEye [[Server]] ","DarkEye [[Servers]] """" """" DarkEye [[Severs]] ",0.0012450218200683594,0.0018547773361206055,0,0,0,43,"Failed"
"backup-leader.[[com]] [[US]] [[lol]] backup-leader.[[com]] ","backup-leader.[[kom]] [[AMERICA]] [[thats]] backup-leader.[[coms]] ",0.001649022102355957,0.6642972230911255,0,1,0,41,"Successful"
"BitRAT """" """" BitRAT ","BitRAT """" """" BitRAT ",0.0012487173080444336,0.0012487173080444336,0,0,0,3,"Failed"
"Qjlyxjcpy [[Xx]] QR [[Im]] Qjlyxjcpy Xx ","Qjlyxjcpy [[Twentieth]] QR [[Hayashi]] Qjlyxjcpy Xx ",0.0012257695198059082,0.002398550510406494,0,0,0,19,"Failed"
"example.com GB [[Global]] [[Security]] [[example]].com ","example.com GB [[Planet]] [[Certainty]] [[incidents]].com ",0.0011151432991027832,0.5012744665145874,0,1,0,119,"Successful"
"mparrain10.ddns.net US Let's Encrypt Let's [[Encrypt]] [[Authority]] X3 ","mparrain10.ddns.net US Let's Encrypt Let's [[Numerical]] [[Authorize]] X3 ",0.0011461973190307617,0.9712604880332947,0,1,0,72,"Successful"
"onthewire1.[[top]] US Let's Encrypt R3 ","onthewire1.[[haute]] US Let's Encrypt R3 ",0.023511230945587158,0.9866541028022766,0,1,0,23,"Successful"
"[[XX]] XX XX XX ","[[NINETEEN]] XX XX XX ",0.0012772679328918457,0.002722799777984619,0,0,0,17,"Failed"
"gmail.com US Google GMail gmail.[[com]] ","gmail.com US Google GMail gmail.[[omg]] ",0.0030736327171325684,0.9061040282249451,0,1,0,11,"Successful"
"bombinet.xyz [[US]] Let's [[Encrypt]] Let's Encrypt [[Authority]] X3 ","bombinet.xyz [[AMERICANS]] Let's [[Costed]] Let's Encrypt [[Diplomas]] X3 ",0.0014591217041015625,0.002673625946044922,0,0,0,111,"Failed"
"ayefrsturmexi.[[schmidt]] [[ZA]] Shefo Octhcob [[O]].[[V]].E.[[E]]. ayefrsturmexi.[[schmidt]] ","ayefrsturmexi.[[bergmann]] [[BEZ]] Shefo Octhcob [[macau]].[[versus]].E.[[fae]]. ayefrsturmexi.[[gruber]] ",0.0021372437477111816,0.43373537063598633,0,0,0,112,"Failed"
"Covid [[Server]] [[CA]] """" """" Covid [[Server]] CA ","Covid [[Servant]] [[DOES]] """" """" Covid [[Serfs]] CA ",0.0012335777282714844,0.0026984810829162598,0,0,0,81,"Failed"
"entspartner.at [[US]] Let's [[Encrypt]] Let's [[Encrypt]] [[Authority]] X3 ","entspartner.at [[ONS]] Let's [[Quantify]] Let's [[Crypto]] [[Authorize]] X3 ",0.0011872053146362305,0.5469900369644165,0,1,0,110,"Successful"
"DcRat [[CN]] DcRat By qwqdanchun DcRat [[Server]] ","DcRat [[NS]] DcRat By qwqdanchun DcRat [[Servers]] ",0.0018077492713928223,0.002084791660308838,0,0,0,39,"Failed"
"merotanos.com US Let's [[Encrypt]] Let's Encrypt [[Authority]] X3 ","merotanos.com US Let's [[Quantify]] Let's Encrypt [[Authorize]] X3 ",0.0013762712478637695,0.5259820222854614,0,1,0,74,"Successful"
"domain.com US My Company Name LTD. [[domain]].[[com]] ","domain.com US My Company Name LTD. [[hegemony]].[[kom]] ",0.001791834831237793,0.9953173398971558,0,1,0,46,"Successful"
"localhost AU [[Internet]] Widgits Pty Ltd localhost ","localhost AU [[Cyberspace]] Widgits Pty Ltd localhost ",0.001198887825012207,0.0027350187301635742,0,0,0,42,"Failed"
""""" xx [[Default]] [[Company]] [[Ltd]] """" ",""""" xx [[Shortcoming]] [[Ventures]] [[Curtailed]] """" ",0.0014054179191589355,0.002211451530456543,0,0,0,70,"Failed"
"rocknrolletco.[[top]] US Let's [[Encrypt]] Let's [[Encrypt]] [[Authority]] X3 ","rocknrolletco.[[principal]] US Let's [[Cypher]] Let's [[Encoded]] [[Authorizing]] X3 ",0.001199483871459961,0.009869098663330078,0,0,0,125,"Failed"
"castles.[[info]] US furled receptiveness castles.info ","castles.[[notify]] US furled receptiveness castles.info ",0.0025342702865600586,0.7866302132606506,0,1,0,30,"Successful"
"[[tinkles]] """" """" [[tinkles]] ","[[glockenspiel]] """" """" [[blusters]] ",0.0012807846069335938,0.005196511745452881,0,0,0,71,"Failed"
"localhost.localdomain -- SomeOrganization localhost.localdomain ","localhost.localdomain -- SomeOrganization localhost.localdomain ",0.0016497373580932617,0.0016497373580932617,0,0,0,6,"Failed"
"nanatools.ddns.net US Let's Encrypt Let's [[Encrypt]] [[Authority]] X3 ","nanatools.ddns.net US Let's Encrypt Let's [[Numerical]] [[Authorize]] X3 ",0.0012779831886291504,0.9942930340766907,0,1,0,72,"Successful"
""""" XX [[Default]] [[Company]] Ltd """" ",""""" XX [[Defaults]] [[Enterprises]] Ltd """" ",0.0013338327407836914,0.0021784305572509766,0,0,0,70,"Failed"
"[[Seven]] DSert SHA2 [[CA]] [[US]] Seven [[Ltd]] [[Seven]] DSert SHA2 [[CA]] ","[[Sevens]] DSert SHA2 [[DO]] [[AMERICAN]] Seven [[Serv]] [[Ix]] DSert SHA2 [[KT]] ",0.0013559460639953613,0.0034359097480773926,0,0,0,104,"Failed"
"telekom-support.info US Let's [[Encrypt]] Let's Encrypt [[Authority]] X3 ","telekom-support.info US Let's [[Cipher]] Let's Encrypt [[Authorize]] X3 ",0.0017356276512145996,0.9418238997459412,0,1,0,71,"Successful"
"[[lg]].icf-fx.kz [[US]] Let's [[Encrypt]] Let's [[Encrypt]] [[Authority]] X3 ","[[samsung]].icf-fx.kz [[AMERICANS]] Let's [[Cryptography]] Let's [[Quantitative]] [[Approbation]] X3 ",0.001938164234161377,0.8609743714332581,0,1,0,114,"Successful"
"rotmansaaatot.[[icu]] [[US]] Let's [[Encrypt]] Let's [[Encrypt]] [[Authority]] X3 ","rotmansaaatot.[[nicu]] [[USA]] Let's [[Cryptic]] Let's [[Quantitative]] [[Diplomas]] X3 ",0.0010896921157836914,0.045413076877593994,0,0,0,114,"Failed"
"ElectrumSSL """" """" ElectrumSSL ","ElectrumSSL """" """" ElectrumSSL ",0.0010042786598205566,0.0010042786598205566,0,0,0,3,"Failed"
"DcRat CN DcRat [[By]] qwqdanchun Nethal [[Server]] ","DcRat CN DcRat [[Under]] qwqdanchun Nethal [[Servants]] ",0.0008450746536254883,0.001852869987487793,0,0,0,39,"Failed"
"* XX 1 * ","* XX 1 * ",0.0019453763961791992,0.0019453763961791992,0,0,0,3,"Failed"
"a5ce84fe.xyz [[US]] Let's [[Encrypt]] R3 ","a5ce84fe.xyz [[AMERICANA]] Let's [[Quantify]] R3 ",0.05108517408370972,0.2549377679824829,0,0,0,47,"Failed"
"* XX 1 * ","* XX 1 * ",0.0013900995254516602,0.0013900995254516602,0,0,0,3,"Failed"
"DcRat CN DcRat [[By]] qwqdanchun eimis ","DcRat CN DcRat [[For]] qwqdanchun eimis ",0.0011183619499206543,0.0015677809715270996,0,0,0,19,"Failed"
"Orcus [[Server]] """" """" Orcus [[Server]] ","Orcus [[Serfs]] """" """" Orcus [[Retainers]] ",0.0010566115379333496,0.0023731589317321777,0,0,0,43,"Failed"
"X1T8vh6Qdw.org """" """" X1T8vh6Qdw.[[org]] ","X1T8vh6Qdw.org """" """" X1T8vh6Qdw.[[orchestrate]] ",0.002033233642578125,0.0031536221504211426,0,0,0,52,"Failed"
"localhost AU [[Internet]] Widgits Pty Ltd localhost ","localhost AU [[Webb]] Widgits Pty Ltd localhost ",0.002285480499267578,0.002835094928741455,0,0,0,42,"Failed"
"akendvofoudidi.su BD [[Santi]] Sasuroof A.[[E]]. akendvofoudidi.su ","akendvofoudidi.su BD [[Sant]] Sasuroof A.[[f]]. akendvofoudidi.su ",0.00305861234664917,0.004039585590362549,0,0,0,38,"Failed"
"Quasar [[Server]] [[CA]] """" """" Quasar Server [[CA]] ","Quasar [[Bartender]] [[DID]] """" """" Quasar Server [[COULD]] ",0.0011625885963439941,0.0025956034660339355,0,0,0,81,"Failed"
"vesadisesin.pstrmhe6ransicr.[[reviews]] [[MD]] Belywone Treendaic NL vesadisesin.pstrmhe6ransicr.[[reviews]] ","vesadisesin.pstrmhe6ransicr.[[analyze]] [[MARCHI]] Belywone Treendaic NL vesadisesin.pstrmhe6ransicr.[[exams]] ",0.001925349235534668,0.012642860412597656,0,0,0,118,"Failed"
""""" US [[Dis]] """" ",""""" US [[Tell]] """" ",0.0012251734733581543,0.001765131950378418,0,0,0,12,"Failed"
"localhost [[AU]] [[Internet]] Widgits Pty [[Ltd]] localhost ","localhost [[UA]] [[Electronic]] Widgits Pty [[Narrow]] localhost ",0.002026498317718506,0.0026006698608398438,0,0,0,42,"Failed"
"statuscheck.online CN WoSign CA [[Limited]] WoSign CA Free SSL [[Certificate]] G2 ","statuscheck.online CN WoSign CA [[Petite]] WoSign CA Free SSL [[Cert]] G2 ",0.01353144645690918,0.7647736072540283,0,1,0,101,"Successful"
"nickburkholder.pw US Let's Encrypt Let's [[Encrypt]] [[Authority]] X3 ","nickburkholder.pw US Let's Encrypt Let's [[Numerical]] [[Authorize]] X3 ",0.0016767382621765137,0.9657614827156067,0,1,0,71,"Successful"
"mslfiedjssfdes.com """" """" mslfiedjssfdes.[[com]] ","mslfiedjssfdes.com """" """" mslfiedjssfdes.[[omg]] ",0.001168668270111084,0.002423226833343506,0,0,0,11,"Failed"
""""" XX   """" ",""""" XX   """" ",0.0020501017570495605,0.0020501017570495605,0,0,0,5,"Failed"
""""" US [[Dis]] """" ",""""" US [[Saying]] """" ",0.000930488109588623,0.0019855499267578125,0,0,0,12,"Failed"
"[[domain]].[[com]] US My Company Name [[LTD]]. domain.com ","[[arenas]].[[kom]] US My Company Name [[LIMITATION]]. domain.com ",0.0018708109855651855,0.9950001835823059,0,1,0,62,"Successful"
"localhost [[AU]] [[Internet]] Widgits Pty Ltd localhost ","localhost [[AFRICA]] [[Online]] Widgits Pty Ltd localhost ",0.0017377734184265137,0.002872765064239502,0,0,0,42,"Failed"
""""" [[AU]]   """" ",""""" [[AFRIKAANS]]   """" ",0.0019320845603942871,0.0037314891815185547,0,0,0,7,"Failed"
"roungod.com US Let's [[Encrypt]] Let's [[Encrypt]] [[Authority]] X3 ","roungod.com US Let's [[Quantify]] Let's [[Numerical]] [[Authorize]] X3 ",0.00086212158203125,0.5140653252601624,0,1,0,95,"Successful"
"AsyncRAT Server """" """" AsyncRAT [[Server]] ","AsyncRAT Server """" """" AsyncRAT [[Waiters]] ",0.001387476921081543,0.0019148588180541992,0,0,0,43,"Failed"
"nutuscle.pw [[US]] Let's [[Encrypt]] Let's [[Encrypt]] [[Authority]] X3 ","nutuscle.pw [[USA]] Let's [[Quantify]] Let's [[Numerical]] [[Authorize]] X3 ",0.0011786818504333496,0.6931452751159668,0,1,0,111,"Successful"
"example.com [[GB]] Global Security [[example]].[[com]] ","example.com [[MEGS]] Global Security [[dossiers]].[[kom]] ",0.001789689064025879,0.9951339960098267,0,1,0,40,"Successful"
"kordelservers.xyz [[US]] Let's [[Encrypt]] Let's Encrypt [[Authority]] X3 ","kordelservers.xyz [[VERSUS]] Let's [[Cryptography]] Let's Encrypt [[Diplomas]] X3 ",0.0009979605674743652,0.004163861274719238,0,0,0,111,"Failed"
"appealingedge.xyz [[US]] Let's Encrypt Let's [[Encrypt]] [[Authority]] X3 ","appealingedge.xyz [[OURSELVES]] Let's Encrypt Let's [[Encryption]] [[Authorise]] X3 ",0.0011102557182312012,0.002489328384399414,0,0,0,111,"Failed"
"Ppoccectw.lr [[AM]] Anpove SCOP Ppoccectw.lr ","Ppoccectw.lr [[SIENTO]] Anpove SCOP Ppoccectw.lr ",0.00130385160446167,0.0035979747772216797,0,0,0,31,"Failed"
"Quasar [[Server]] [[CA]] """" """" Quasar [[Server]] [[CA]] ","Quasar [[Waitress]] [[CAN]] """" """" Quasar [[Sever]] [[LDA]] ",0.0014709234237670898,0.0037208199501037598,0,0,0,81,"Failed"
"DcRat [[CN]] DcRat [[By]] qwqdanchun 1 ","DcRat [[NP]] DcRat [[With]] qwqdanchun 1 ",0.001271665096282959,0.0017303228378295898,0,0,0,18,"Failed"
"server.domain.com -- SomeOrganization server.domain.[[com]] ","server.domain.com -- SomeOrganization server.domain.[[kom]] ",0.0020785927772521973,0.940788984298706,0,1,0,11,"Successful"
"AsyncRAT [[Server]] """" """" AsyncRAT [[Server]] ","AsyncRAT [[Waitresses]] """" """" AsyncRAT [[Waiter]] ",0.001262962818145752,0.0016987919807434082,0,0,0,43,"Failed"
"DcRat CN DcRat [[By]] qwqdanchun DcRat [[Server]] ","DcRat CN DcRat [[In]] qwqdanchun DcRat [[Barmaid]] ",0.0012949705123901367,0.0022596120834350586,0,0,0,39,"Failed"
"DcRat CN DcRat [[By]] qwqdanchun DcRat Server ","DcRat CN DcRat [[At]] qwqdanchun DcRat Server ",0.0011980533599853516,0.002026498317718506,0,0,0,39,"Failed"
"jamesdrywall.xyz [[US]] Let's [[Encrypt]] Let's Encrypt [[Authority]] X3 ","jamesdrywall.xyz [[OURSELVES]] Let's [[Cryptic]] Let's Encrypt [[Diplomas]] X3 ",0.0009999871253967285,0.0028311610221862793,0,0,0,111,"Failed"
"[[domain]].[[com]] US My Company Name LTD. domain.com ","[[primacy]].[[kom]] US My Company Name LTD. domain.com ",0.0017036795616149902,0.9323045015335083,0,1,0,46,"Successful"
"* XX 1 * ","* XX 1 * ",0.0015399456024169922,0.0015399456024169922,0,0,0,3,"Failed"
"Thiofthitswe.media IQ Tatengeca SPE Thiofthitswe.[[media]] ","Thiofthitswe.media IQ Tatengeca SPE Thiofthitswe.[[journalistic]] ",0.0013083815574645996,0.0028375983238220215,0,0,0,61,"Failed"
"[[example]].[[com]] GB [[Global]] Security [[example]].com ","[[phenomena]].[[kom]] GB [[World]] Security [[illustration]].com ",0.0016913414001464844,0.9830570816993713,0,1,0,99,"Successful"
"AsyncRAT [[Server]] """" """" AsyncRAT [[Server]] ","AsyncRAT [[Vassals]] """" """" AsyncRAT [[Vassals]] ",0.0010631680488586426,0.00195997953414917,0,0,0,43,"Failed"
"sontonecchidtt.Titheefrovorh.[[cologne]] [[TM]] Ertor SNC sontonecchidtt.Titheefrovorh.cologne ","sontonecchidtt.Titheefrovorh.[[fragrances]] [[MONT]] Ertor SNC sontonecchidtt.Titheefrovorh.cologne ",0.002714991569519043,0.003570377826690674,0,0,0,40,"Failed"
"[[example]].[[com]] [[GB]] Global [[Security]] [[example]].com ","[[dossiers]].[[kom]] [[MEGS]] Global [[Safety]] [[illustration]].com ",0.0025557279586791992,0.9926598072052002,0,1,0,109,"Successful"
"lmnab.xyz US Let's [[Encrypt]] Let's Encrypt Authority X3 ","lmnab.xyz US Let's [[Scrambling]] Let's Encrypt Authority X3 ",0.0011553764343261719,0.00259321928024292,0,0,0,111,"Failed"
"guiapocos.xyz [[US]] Let's Encrypt Let's Encrypt [[Authority]] X3 ","guiapocos.xyz [[AMERICANA]] Let's Encrypt Let's Encrypt [[Empowered]] X3 ",0.0012597441673278809,0.002529740333557129,0,0,0,111,"Failed"
""""" US [[Dis]] """" ",""""" US [[Tells]] """" ",0.0013679862022399902,0.0015572905540466309,0,0,0,12,"Failed"
"[[example]].[[com]] [[GB]] Global [[Security]] [[example]].com ","[[samples]].[[kom]] [[MEGS]] Global [[Insured]] [[dossiers]].com ",0.001517951488494873,0.9934852719306946,0,1,0,109,"Successful"
"AsyncRAT [[Server]] """" """" AsyncRAT [[Server]] ","AsyncRAT [[Severs]] """" """" AsyncRAT [[Minion]] ",0.0012263655662536621,0.0016992688179016113,0,0,0,43,"Failed"
"localhost [[AU]] Internet Widgits Pty [[Ltd]] localhost ","localhost [[AFRICAN]] Internet Widgits Pty [[Inc]] localhost ",0.0019107460975646973,0.0031859278678894043,0,0,0,42,"Failed"
"sibelikinciel.xyz [[US]] Let's [[Encrypt]] Let's Encrypt [[Authority]] X3 ","sibelikinciel.xyz [[OSS]] Let's [[Algorithms]] Let's Encrypt [[Diplomas]] X3 ",0.0012935400009155273,0.003906428813934326,0,0,0,111,"Failed"
"kilimadzhara.xyz [[US]] Let's [[Encrypt]] Let's Encrypt [[Authority]] X3 ","kilimadzhara.xyz [[OSS]] Let's [[Costed]] Let's Encrypt [[Body]] X3 ",0.001431584358215332,0.002873361110687256,0,0,0,111,"Failed"
"thhabvppp.com """" """" thhabvppp.[[com]] ","thhabvppp.com """" """" thhabvppp.[[omg]] ",0.0016698241233825684,0.002440810203552246,0,0,0,11,"Failed"
"AsyncRAT [[Server]] """" """" AsyncRAT [[Server]] ","AsyncRAT [[Sever]] """" """" AsyncRAT [[Serfs]] ",0.0009191036224365234,0.0018568038940429688,0,0,0,43,"Failed"
"asfuhuhvuuye45ggv.xyz US Let's [[Encrypt]] R3 ","asfuhuhvuuye45ggv.xyz US Let's [[Cryptography]] R3 ",0.013186335563659668,0.019154131412506104,0,0,0,47,"Failed"
"dasfogy4hgag.xyz [[US]] Let's [[Encrypt]] R3 ","dasfogy4hgag.xyz [[AMERICANS]] Let's [[Quantify]] R3 ",0.030266940593719482,0.06374925374984741,0,0,0,47,"Failed"
""""" XX [[Default]] [[Company]] [[Ltd]] """" ",""""" XX [[Defaults]] [[Corp]] [[Inc]] """" ",0.0013231635093688965,0.0023466944694519043,0,0,0,70,"Failed"
"localhost [[AU]] [[Internet]] Widgits Pty Ltd localhost ","localhost [[UA]] [[Cyberspace]] Widgits Pty Ltd localhost ",0.0020790696144104004,0.0024673938751220703,0,0,0,42,"Failed"
"[[domain]].com US My Company Name LTD. domain.[[com]] ","[[zones]].com US My Company Name LTD. domain.[[kom]] ",0.0024338960647583008,0.9952051043510437,0,1,0,49,"Successful"
""""" US [[Dis]] """" ",""""" US [[Say]] """" ",0.001387953758239746,0.0020722150802612305,0,0,0,12,"Failed"
"* XX 1 * ","* XX 1 * ",0.0015873908996582031,0.0015873908996582031,0,0,0,3,"Failed"
"militanttra.at [[US]] Let's [[Encrypt]] Let's [[Encrypt]] [[Authority]] X3 ","militanttra.at [[VS]] Let's [[Quantify]] Let's [[Quantitative]] [[Diplomas]] X3 ",0.001187443733215332,0.08291405439376831,0,0,0,110,"Failed"
"dsfhhhhf44555.[[icu]] US Let's Encrypt Let's [[Encrypt]] [[Authority]] X3 ","dsfhhhhf44555.[[resuscitation]] US Let's Encrypt Let's [[Encryption]] [[Authorize]] X3 ",0.0013829469680786133,0.0030725598335266113,0,0,0,114,"Failed"
"genericalphabet.[[top]] US Let's Encrypt R3 ","genericalphabet.[[greatest]] US Let's Encrypt R3 ",0.00626063346862793,0.9955583810806274,0,1,0,21,"Successful"
"Ontuthinsalthw.silindunc.homedepot [[NI]] Wenthedb Tidincr [[E]].E. Ontuthinsalthw.silindunc.homedepot ","Ontuthinsalthw.silindunc.homedepot [[NOT]] Wenthedb Tidincr [[fae]].E. Ontuthinsalthw.silindunc.homedepot ",0.002014756202697754,0.0023983120918273926,0,0,0,38,"Failed"
"ludicrouslyl.at US Let's [[Encrypt]] Let's [[Encrypt]] [[Authority]] X3 ","ludicrouslyl.at US Let's [[Algorithms]] Let's [[Encrypted]] [[Certificates]] X3 ",0.001145482063293457,0.003653585910797119,0,0,0,110,"Failed"
"DcRat [[CN]] DcRat [[By]] qwqdanchun ?«[[ç]]?ä¼?ä?[[ç]]®¡ç? ","DcRat [[NC]] DcRat [[Through]] qwqdanchun ?«[[ß]]?ä¼?ä?[[ª]]®¡ç? ",0.0017738938331604004,0.004380762577056885,0,0,0,49,"Failed"
"AsyncRAT Server """" """" AsyncRAT [[Server]] ","AsyncRAT Server """" """" AsyncRAT [[Serfs]] ",0.0012476444244384766,0.0016633272171020508,0,0,0,43,"Failed"
"widewiderangers.[[fun]] US Let's [[Encrypt]] Let's [[Encrypt]] [[Authority]] X3 ","widewiderangers.[[joking]] US Let's [[Coded]] Let's [[Crypto]] [[Empowered]] X3 ",0.0010703206062316895,0.004938066005706787,0,0,0,156,"Failed"
"Adchg9feson.sydney [[PK]] Lsmhotf Ongohes [[Corporation]] Adchg9feson.[[sydney]] ","Adchg9feson.sydney [[KP]] Lsmhotf Ongohes [[Airlines]] Adchg9feson.[[lei]] ",0.0017980337142944336,0.006021261215209961,0,0,0,47,"Failed"
"localhost [[AU]] Internet Widgits Pty [[Ltd]] localhost ","localhost [[AFRIKAANS]] Internet Widgits Pty [[Serv]] localhost ",0.00193864107131958,0.003265976905822754,0,0,0,42,"Failed"
"Gh0st [[RAT]] CN DcRat [[By]] qwqdanchun Gh0st [[Server]] ","Gh0st [[HYENA]] CN DcRat [[Under]] qwqdanchun Gh0st [[Sever]] ",0.0011158585548400879,0.0034005045890808105,0,0,0,55,"Failed"
"afsibibia3.xyz [[US]] Let's Encrypt R3 ","afsibibia3.xyz [[AMERICANA]] Let's Encrypt R3 ",0.09001553058624268,0.8220326900482178,0,1,0,23,"Successful"
"localhost [[AU]] Internet Widgits Pty Ltd localhost ","localhost [[AFRICANS]] Internet Widgits Pty Ltd localhost ",0.0015949606895446777,0.002512335777282715,0,0,0,42,"Failed"
"[[http]]://5.101.4.41 [[US]] [[Example]] Inc [[http]]://5.101.4.41 ","[[www]]://5.101.4.41 [[USA]] [[Sampling]] Inc [[url]]://5.101.4.41 ",0.0038729310035705566,0.016249120235443115,0,0,0,63,"Failed"
"DcRat CN DcRat [[By]] qwqdanchun DcRat Server ","DcRat CN DcRat [[In]] qwqdanchun DcRat Server ",0.0017298460006713867,0.002267599105834961,0,0,0,39,"Failed"
"inj """" """" inj ","inj """" """" inj ",0.0010870695114135742,0.0010870695114135742,0,0,0,3,"Failed"
"igibhbyehvyga.xyz [[US]] Let's Encrypt R3 ","igibhbyehvyga.xyz [[NOUS]] Let's Encrypt R3 ",0.01739513874053955,0.0302315354347229,0,0,0,47,"Failed"
"z.xooz.cf US Let's Encrypt Let's [[Encrypt]] [[Authority]] X3 ","z.xooz.cf US Let's Encrypt Let's [[Code]] [[Authorize]] X3 ",0.0015705227851867676,0.5672030448913574,0,1,0,72,"Successful"
"BitRAT """" """" BitRAT ","BitRAT """" """" BitRAT ",0.0009099245071411133,0.0009099245071411133,0,0,0,3,"Failed"
""""" AU [[Internet]] Widgits Pty Ltd """" ",""""" AU [[Lnternet]] Widgits Pty Ltd """" ",0.001055896282196045,0.002088487148284912,0,0,0,37,"Failed"
"kitoboyka.[[com]] [[RU]] FuckUS kitoboyka.[[com]] ","kitoboyka.[[omg]] [[BRITANNICA]] FuckUS kitoboyka.[[coms]] ",0.00246274471282959,0.010948479175567627,0,0,0,15,"Failed"
"Runtime [[Broker]] """" """" Runtime [[Broker]] ","Runtime [[Negotiates]] """" """" Runtime [[Negotiators]] ",0.0012683272361755371,0.00234377384185791,0,0,0,81,"Failed"
"livejunto.xyz [[US]] Let's Encrypt Let's [[Encrypt]] [[Authority]] X3 ","livejunto.xyz [[AMERICANS]] Let's Encrypt Let's [[Coding]] [[Consent]] X3 ",0.0016066431999206543,0.002490401268005371,0,0,0,111,"Failed"
"labelcs.[[com]] [[US]] Let's [[Encrypt]] Let's Encrypt [[Authority]] X3 ","labelcs.[[omg]] [[AMERICA]] Let's [[Quantify]] Let's Encrypt [[Authorize]] X3 ",0.0012636780738830566,0.5270425081253052,0,1,0,90,"Successful"
""""" US [[Dis]] """" ",""""" US [[Saying]] """" ",0.00122147798538208,0.001666247844696045,0,0,0,12,"Failed"
"qwertyhills92.ddns.net US Let's Encrypt Let's [[Encrypt]] [[Authority]] X3 ","qwertyhills92.ddns.net US Let's Encrypt Let's [[Numerical]] [[Authorize]] X3 ",0.0010718703269958496,0.9508015513420105,0,1,0,72,"Successful"
"[[John]] US AlaskaFuture Ltd [[John]] ","[[Johannes]] US AlaskaFuture Ltd [[Giovanni]] ",0.002626180648803711,0.015601634979248047,0,0,0,74,"Failed"
"Odin [[Server]] [[CA]] """" """" Odin [[Server]] [[CA]] ","Odin [[Waiters]] [[KT]] """" """" Odin [[Bartenders]] [[LDA]] ",0.0013859272003173828,0.004684329032897949,0,0,0,93,"Failed"
"DcRat CN DcRat By qwqdanchun DcRat Server ","DcRat CN DcRat By qwqdanchun DcRat Server ",0.0027007460594177246,0.0027007460594177246,0,0,0,39,"Failed"
"B2tp """" """" B2tp ","B2tp """" """" B2tp ",0.0009946227073669434,0.0009946227073669434,0,0,0,3,"Failed"
"AsyncRAT [[Server]] """" """" AsyncRAT [[Server]] ","AsyncRAT [[Bartenders]] """" """" AsyncRAT [[Vassals]] ",0.0013188719749450684,0.0016992688179016113,0,0,0,43,"Failed"
"chloroz.xyz [[US]] Let's [[Encrypt]] Let's Encrypt [[Authority]] X3 ","chloroz.xyz [[OURS]] Let's [[Keyed]] Let's Encrypt [[Powers]] X3 ",0.0016359686851501465,0.002968430519104004,0,0,0,111,"Failed"
"* XX 1 * ","* XX 1 * ",0.0015994906425476074,0.0015994906425476074,0,0,0,3,"Failed"
"Kisszerver """" """" Kisszerver ","Kisszerver """" """" Kisszerver ",0.0010526776313781738,0.0010526776313781738,0,0,0,3,"Failed"
"DcRat CN DcRat [[By]] qwqdanchun [[Nigeria]] ","DcRat CN DcRat [[For]] qwqdanchun [[Senegal]] ",0.0011251568794250488,0.002065420150756836,0,0,0,38,"Failed"
"192.236.160.249 [[mn]] xxxyz 192.236.160.249 ","192.236.160.249 [[minutes]] xxxyz 192.236.160.249 ",0.0021506547927856445,0.0026642680168151855,0,0,0,17,"Failed"
"[[CN]] CN Software [[CN]] ","[[NS]] CN Software [[SN]] ",0.0016439557075500488,0.004284560680389404,0,0,0,18,"Failed"
"AsyncRAT Server """" """" AsyncRAT [[Server]] ","AsyncRAT Server """" """" AsyncRAT [[Servants]] ",0.001171410083770752,0.0016993880271911621,0,0,0,43,"Failed"
"ptvib.[[cf]] [[US]] cPanel, [[Inc]]. cPanel, Inc. [[Certification]] [[Authority]] ","ptvib.[[fc]] [[OUR]] cPanel, [[Lnc]]. cPanel, Inc. [[Authentication]] [[Furlough]] ",0.0016810297966003418,0.45542818307876587,0,0,0,106,"Failed"
"xeiaieki.us [[AT]] Vmhitgvuf Qlofypz Tkchae Eoopo Inc. xeiaieki.[[us]] ","xeiaieki.us [[AMONG]] Vmhitgvuf Qlofypz Tkchae Eoopo Inc. xeiaieki.[[our]] ",0.0016492605209350586,0.002678096294403076,0,0,0,59,"Failed"
"global-logic-stl.com US Let's Encrypt Let's [[Encrypt]] [[Authority]] X3 ","global-logic-stl.com US Let's Encrypt Let's [[Ciphers]] [[Authorize]] X3 ",0.0012333393096923828,0.7501636147499084,0,1,0,71,"Successful"
""""" US [[Dis]] """" ",""""" US [[Said]] """" ",0.0010505318641662598,0.0016428828239440918,0,0,0,12,"Failed"
"accentnailsspa.pw [[US]] Let's [[Encrypt]] Let's [[Encrypt]] [[Authority]] X3 ","accentnailsspa.pw [[AMERICA]] Let's [[Algorithms]] Let's [[Ciphers]] [[Authorise]] X3 ",0.0013301372528076172,0.015655100345611572,0,0,0,111,"Failed"
"localhost """" """" localhost ","localhost """" """" localhost ",0.0011187195777893066,0.0011187195777893066,0,0,0,3,"Failed"
"BitRAT """" """" BitRAT ","BitRAT """" """" BitRAT ",0.0012336969375610352,0.0012336969375610352,0,0,0,3,"Failed"
"forenzik.kz KZ NN [[Fern]] forenzik.kz ","forenzik.kz KZ NN [[Julie]] forenzik.kz ",0.0017209053039550781,0.004806876182556152,0,0,0,58,"Failed"
"localhost GB MyCompany [[Ltd]]. localhost ","localhost GB MyCompany [[Bounded]]. localhost ",0.0012604594230651855,0.002278268337249756,0,0,0,24,"Failed"
"BitRAT """" """" BitRAT ","BitRAT """" """" BitRAT ",0.0012880563735961914,0.0012880563735961914,0,0,0,3,"Failed"
"AsyncRAT [[Server]] """" """" AsyncRAT [[Server]] ","AsyncRAT [[Severs]] """" """" AsyncRAT [[Bartenders]] ",0.000786900520324707,0.0017639398574829102,0,0,0,43,"Failed"
""""" US [[Dis]] """" ",""""" US [[Saying]] """" ",0.001232743263244629,0.0016590356826782227,0,0,0,12,"Failed"
"DcRat CN DcRat By qwqdanchun VenomRAT Server ","DcRat CN DcRat By qwqdanchun VenomRAT Server ",0.0018963813781738281,0.0018963813781738281,0,0,0,39,"Failed"
"*.revcode.[[se]] [[GB]] COMODO CA Limited COMODO RSA [[Domain]] Validation Secure Server [[CA]] ","*.revcode.[[es]] [[MEGS]] COMODO CA Limited COMODO RSA [[Minefields]] Validation Secure Server [[KT]] ",0.0016884803771972656,0.6507720947265625,0,1,0,83,"Successful"
"pandyi.[[com]] [[US]] cPanel, [[Inc]]. cPanel, [[Inc]]. Certification [[Authority]] ","pandyi.[[coms]] [[OSS]] cPanel, [[Lnc]]. cPanel, [[Serv]]. Certification [[Licenses]] ",0.0026710033416748047,0.5813417434692383,0,1,0,72,"Successful"
""""" AU Internet Widgits Pty [[Ltd]] """" ",""""" AU Internet Widgits Pty [[Serv]] """" ",0.0015153288841247559,0.001743614673614502,0,0,0,37,"Failed"
"AsyncRAT [[Server]] """" """" AsyncRAT Server ","AsyncRAT [[Bartender]] """" """" AsyncRAT Server ",0.0010470151901245117,0.0015284419059753418,0,0,0,43,"Failed"
""""" XX Default [[Company]] Ltd """" ",""""" XX Default [[Undertakings]] Ltd """" ",0.0011211037635803223,0.0022246241569519043,0,0,0,70,"Failed"
"localhost [[GB]] MyCompany [[Ltd]]. localhost ","localhost [[MB]] MyCompany [[Narrow]]. localhost ",0.0010432004928588867,0.0020987987518310547,0,0,0,24,"Failed"
"*.cvl.[[name]] GB COMODO [[CA]] [[Limited]] COMODO RSA [[Domain]] Validation [[Secure]] [[Server]] [[CA]] ","*.cvl.[[designate]] GB COMODO [[CALIFORNIAN]] [[Meager]] COMODO RSA [[Mastery]] Validation [[Reassurance]] [[Servers]] [[COULD]] ",0.0019218921661376953,0.48835575580596924,0,0,0,276,"Failed"
"Joqwqbpkmqw Twefxx [[NP]] Kiuere Joqwqbpkmqw Twefxx ","Joqwqbpkmqw Twefxx [[PS]] Kiuere Joqwqbpkmqw Twefxx ",0.001298666000366211,0.0020872950553894043,0,0,0,14,"Failed"
""""" [[US]] [[Internet]] Widgits Pty [[Ltd]] """" ",""""" [[AMERICANS]] [[Web]] Widgits Pty [[Inc]] """" ",0.0013665556907653809,0.0021355748176574707,0,0,0,36,"Failed"
"DcRat CN DcRat [[By]] qwqdanchun DcRat Server ","DcRat CN DcRat [[Through]] qwqdanchun DcRat Server ",0.0013697147369384766,0.0024272799491882324,0,0,0,39,"Failed"
"keepincomemoney.website [[US]] Let's [[Encrypt]] Let's Encrypt [[Authority]] X3 ","keepincomemoney.website [[VERSUS]] Let's [[Cryptography]] Let's Encrypt [[Credentials]] X3 ",0.0016788840293884277,0.007078349590301514,0,0,0,111,"Failed"
"AsyncRAT [[Server]] """" """" AsyncRAT [[Server]] ","AsyncRAT [[Busboy]] """" """" AsyncRAT [[Waiter]] ",0.0007686614990234375,0.0016889572143554688,0,0,0,43,"Failed"
""""" xx [[Default]] [[Company]] [[Ltd]] """" ",""""" xx [[Unspoken]] [[Businesses]] [[Restricted]] """" ",0.0014385581016540527,0.002057969570159912,0,0,0,70,"Failed"
"fdguyt5ggs.pw US Let's [[Encrypt]] Let's [[Encrypt]] [[Authority]] X3 ","fdguyt5ggs.pw US Let's [[Encrypted]] Let's [[Algorithms]] [[Authorize]] X3 ",0.0013905763626098633,0.008691966533660889,0,0,0,111,"Failed"
"Quasar [[Server]] [[CA]] """" """" Quasar Server [[CA]] ","Quasar [[Busboy]] [[HEADQUARTER]] """" """" Quasar Server [[DID]] ",0.001536250114440918,0.002607583999633789,0,0,0,81,"Failed"
"palmists.[[space]] US area homestead's palmists.[[space]] ","palmists.[[satellite]] US area homestead's palmists.[[satellite]] ",0.0029798150062561035,0.006468236446380615,0,0,0,82,"Failed"
""""" XX [[Default]] [[Company]] [[Ltd]] """" ",""""" XX [[Impossibility]] [[Enterprising]] [[Limitation]] """" ",0.0012579560279846191,0.003291606903076172,0,0,0,70,"Failed"
""""" [[AU]] [[Internet]] Widgits Pty [[Ltd]] """" ",""""" [[AFRICAN]] [[Electronic]] Widgits Pty [[Restricted]] """" ",0.0012819766998291016,0.002794325351715088,0,0,0,37,"Failed"
""""" XX [[Default]] Company Ltd """" ",""""" XX [[Inadequacy]] Company Ltd """" ",0.0009725093841552734,0.0023303627967834473,0,0,0,70,"Failed"
""""" XX [[Default]] Company Ltd """" ",""""" XX [[Malfunction]] Company Ltd """" ",0.0012102723121643066,0.0019191503524780273,0,0,0,70,"Failed"
"lanyclserr.[[iq]] [[AD]] Veaurd Ncpodwheo SPE lanyclserr.iq ","lanyclserr.[[zhi]] [[ADVERTS]] Veaurd Ncpodwheo SPE lanyclserr.iq ",0.0017265081405639648,0.0033397674560546875,0,0,0,50,"Failed"
"localhost [[AU]] [[Internet]] Widgits Pty Ltd localhost ","localhost [[UA]] [[Onscreen]] Widgits Pty Ltd localhost ",0.0011479854583740234,0.002278625965118408,0,0,0,42,"Failed"
"example.[[com]] [[GB]] Global Security [[example]].com ","example.[[kom]] [[MEGS]] Global Security [[events]].com ",0.0010911226272583008,0.701657235622406,0,1,0,40,"Successful"
"localhost [[AU]] [[Internet]] Widgits Pty [[Ltd]] localhost ","localhost [[AFRICAN]] [[Web]] Widgits Pty [[Meagre]] localhost ",0.0013885498046875,0.0028057098388671875,0,0,0,42,"Failed"
"localhost [[AU]] [[Internet]] Widgits Pty [[Ltd]] localhost ","localhost [[AFRICAN]] [[Cybernetic]] Widgits Pty [[Meagre]] localhost ",0.0015764236450195312,0.0028411149978637695,0,0,0,42,"Failed"
""""" US [[Dis]] """" ",""""" US [[Tell]] """" ",0.0014235973358154297,0.0017670392990112305,0,0,0,12,"Failed"
"telemetrysystemcollection.com [[AT]] ZeroSSL ZeroSSL RSA Domain [[Secure]] [[Site]] [[CA]] ","telemetrysystemcollection.com [[DE]] ZeroSSL ZeroSSL RSA Domain [[Insurance]] [[Locators]] [[AI]] ",0.002511739730834961,0.5795156955718994,0,1,0,147,"Successful"
"[[example]].com [[GB]] Global [[Security]] [[example]].[[com]] ","[[illustrations]].com [[MEGS]] Global [[Segura]] [[dossiers]].[[kom]] ",0.0012698769569396973,0.994204044342041,0,1,0,109,"Successful"
"DcRat [[CN]] DcRat By qwqdanchun DcRat Server ","DcRat [[NP]] DcRat By qwqdanchun DcRat Server ",0.0017578601837158203,0.002718806266784668,0,0,0,39,"Failed"
"Understandnt """" """" Understandnt ","Understandnt """" """" Understandnt ",0.0008727908134460449,0.0008727908134460449,0,0,0,3,"Failed"
"* XX 1 * ","* XX 1 * ",0.0017598867416381836,0.0017598867416381836,0,0,0,3,"Failed"
"localhost [[AU]] [[Internet]] Widgits Pty Ltd localhost ","localhost [[AFRICANS]] [[Cyberspace]] Widgits Pty Ltd localhost ",0.0021249055862426758,0.002746880054473877,0,0,0,42,"Failed"
"gopstoporchestra.[[top]] US Let's Encrypt R3 ","gopstoporchestra.[[principal]] US Let's Encrypt R3 ",0.01993405818939209,0.9968598484992981,0,1,0,21,"Successful"
"51fd222a0d47.us US Let's [[Encrypt]] Let's Encrypt [[Authority]] X3 ","51fd222a0d47.us US Let's [[Costed]] Let's Encrypt [[Approvals]] X3 ",0.0015734434127807617,0.0023421049118041992,0,0,0,114,"Failed"
"ivmsoft.com US Let's [[Encrypt]] Let's [[Encrypt]] [[Authority]] X3 ","ivmsoft.com US Let's [[Crypto]] Let's [[Quantify]] [[Authorizing]] X3 ",0.0011550188064575195,0.34776365756988525,0,0,0,114,"Failed"
"moriarty.pw US Let's Encrypt Let's [[Encrypt]] [[Authority]] X3 ","moriarty.pw US Let's Encrypt Let's [[Numerical]] [[Authorize]] X3 ",0.0015486478805541992,0.9815945625305176,0,1,0,87,"Successful"
"exeupay.xyz [[US]] Let's [[Encrypt]] Let's [[Encrypt]] [[Authority]] X3 ","exeupay.xyz [[VERSUS]] Let's [[Algorithms]] Let's [[Cryptic]] [[Certificates]] X3 ",0.0016199350357055664,0.004048466682434082,0,0,0,111,"Failed"
"rvgvtfdf [[AU]] tg4r6tds rvgvtfdf ","rvgvtfdf [[UA]] tg4r6tds rvgvtfdf ",0.0015160441398620605,0.0025411248207092285,0,0,0,10,"Failed"
""""" US Dis """" ",""""" US Dis """" ",0.0017493367195129395,0.0017493367195129395,0,0,0,12,"Failed"
"jquery e-Szigno Root CA US jquery [[Ltd]]. jquery e-Szigno [[Root]] CA ","jquery e-Szigno Root CA US jquery [[Limit]]. jquery e-Szigno [[Deepest]] CA ",0.0013236403465270996,0.002499520778656006,0,0,0,149,"Failed"
"* XX 1 * ","* XX 1 * ",0.002703368663787842,0.002703368663787842,0,0,0,3,"Failed"
"DcRat CN DcRat By qwqdanchun DcRat [[Server]] ","DcRat CN DcRat By qwqdanchun DcRat [[Barmaid]] ",0.0013003349304199219,0.0024832487106323242,0,0,0,39,"Failed"
""""" US [[Dis]] """" ",""""" US [[Saying]] """" ",0.0012680888175964355,0.0020235180854797363,0,0,0,12,"Failed"
"DcRat [[CN]] DcRat [[By]] qwqdanchun DcRat Server ","DcRat [[NP]] DcRat [[At]] qwqdanchun DcRat Server ",0.0013164877891540527,0.0024144649505615234,0,0,0,39,"Failed"
"homeartncraft.pw US Let's [[Encrypt]] Let's [[Encrypt]] [[Authority]] X3 ","homeartncraft.pw US Let's [[Quantify]] Let's [[Crypto]] [[Authorize]] X3 ",0.001207590103149414,0.8996241092681885,0,1,0,95,"Successful"
"fnoetwotb4nwob524o.hk [[US]] Let's [[Encrypt]] Let's Encrypt [[Authority]] X3 ","fnoetwotb4nwob524o.hk [[USA]] Let's [[Crypto]] Let's Encrypt [[Licenses]] X3 ",0.0011377334594726562,0.005761861801147461,0,0,0,114,"Failed"
"[[domain]].com US My Company Name LTD. domain.[[com]] ","[[zone]].com US My Company Name LTD. domain.[[omg]] ",0.0014477372169494629,0.9941941499710083,0,1,0,47,"Successful"
"localhost [[AU]] [[Internet]] Widgits Pty Ltd localhost ","localhost [[AFRICAN]] [[Onscreen]] Widgits Pty Ltd localhost ",0.0014474987983703613,0.0032840967178344727,0,0,0,42,"Failed"
"[[jasper]] [[XX]] [[root]] [[root]] ","[[jaspers]] [[TWENTY]] [[profound]] [[origins]] ",0.0014615058898925781,0.09071487188339233,0,0,0,74,"Failed"
"vjgy3cllxhp.c.updraftclone.com US Let's [[Encrypt]] Let's [[Encrypt]] [[Authority]] X3 ","vjgy3cllxhp.c.updraftclone.com US Let's [[Quantify]] Let's [[Ciphers]] [[Authorise]] X3 ",0.001450955867767334,0.8538601994514465,0,1,0,97,"Successful"
"5culadtint.tmall GQ Ibtaicion Twhot [[SAS]] 5culadtint.tmall ","5culadtint.tmall GQ Ibtaicion Twhot [[HATCHING]] 5culadtint.tmall ",0.0011469125747680664,0.002654731273651123,0,0,0,20,"Failed"
"ankaraotokira.pw US Let's [[Encrypt]] Let's [[Encrypt]] [[Authority]] X3 ","ankaraotokira.pw US Let's [[Quantify]] Let's [[Code]] [[Authorize]] X3 ",0.0013962388038635254,0.41390758752822876,0,0,0,111,"Failed"
"luanatalolo.com US Let's Encrypt Let's [[Encrypt]] [[Authority]] X3 ","luanatalolo.com US Let's Encrypt Let's [[Numerical]] [[Authorize]] X3 ",0.0015010833740234375,0.6848199367523193,0,1,0,71,"Successful"
"lobemaintaty.[[space]] [[CN]] WoSign [[CA]] [[Limited]] WoSign [[CA]] [[Free]] SSL [[Certificate]] G2 ","lobemaintaty.[[separator]] [[SN]] WoSign [[KT]] [[Minor]] WoSign [[CALIFORNIAN]] [[Franca]] SSL [[Certifying]] G2 ",0.001739203929901123,0.18983322381973267,0,0,0,176,"Failed"
"domain.com US My Company Name [[LTD]]. domain.[[com]] ","domain.com US My Company Name [[LIMIT]]. domain.[[kom]] ",0.00166398286819458,0.9753408432006836,0,1,0,29,"Successful"
"BitRAT """" """" BitRAT ","BitRAT """" """" BitRAT ",0.0008869767189025879,0.0008869767189025879,0,0,0,3,"Failed"
"Vultari """" """" Vultari ","Vultari """" """" Vultari ",0.0010840892791748047,0.0010840892791748047,0,0,0,3,"Failed"
"DcRat CN DcRat By qwqdanchun DcRat [[Server]] ","DcRat CN DcRat By qwqdanchun DcRat [[Serfs]] ",0.001580953598022461,0.0019218921661376953,0,0,0,39,"Failed"
"ZhongGuo [[CN]] CCSEC ZhongGuo ","ZhongGuo [[SN]] CCSEC ZhongGuo ",0.0014643669128417969,0.0026285648345947266,0,0,0,9,"Failed"
"localhost [[AU]] [[Internet]] Widgits Pty Ltd localhost ","localhost [[AFRIKAANS]] [[Networking]] Widgits Pty Ltd localhost ",0.0017892122268676758,0.0030254125595092773,0,0,0,42,"Failed"
"classof1996.duckdns.org US Let's [[Encrypt]] Let's Encrypt [[Authority]] X3 ","classof1996.duckdns.org US Let's [[Quantify]] Let's Encrypt [[Authorize]] X3 ",0.0013744831085205078,0.9075722694396973,0,1,0,72,"Successful"
"vesecase.com US Let's [[Encrypt]] Let's [[Encrypt]] [[Authority]] X3 ","vesecase.com US Let's [[Quantify]] Let's [[Numerical]] [[Authorize]] X3 ",0.0015596747398376465,0.5161601305007935,0,1,0,111,"Successful"
"ntpc.duckdns.org US Let's [[Encrypt]] Let's Encrypt [[Authority]] X3 ","ntpc.duckdns.org US Let's [[Quantitative]] Let's Encrypt [[Authorize]] X3 ",0.0019854307174682617,0.9900445938110352,0,1,0,72,"Successful"
"tapewormorchestra.[[top]] US Let's Encrypt R3 ","tapewormorchestra.[[principal]] US Let's Encrypt R3 ",0.02345108985900879,0.99698406457901,0,1,0,21,"Successful"
""""" US [[Dis]] """" ",""""" US [[Tell]] """" ",0.0015872716903686523,0.0017268657684326172,0,0,0,12,"Failed"
"wpad-home.com US Let's Encrypt Let's [[Encrypt]] [[Authority]] X3 ","wpad-home.com US Let's Encrypt Let's [[Quantify]] [[Authorize]] X3 ",0.0011447668075561523,0.8863713145256042,0,1,0,71,"Successful"
"ukmedm.com US Let's [[Encrypt]] Let's [[Encrypt]] [[Authority]] X3 ","ukmedm.com US Let's [[Ciphers]] Let's [[Cryptography]] [[Permits]] X3 ",0.0014308691024780273,0.04001939296722412,0,0,0,114,"Failed"
"antrefurniture.[[top]] [[US]] Let's [[Encrypt]] Let's [[Encrypt]] [[Authority]] X3 ","antrefurniture.[[haute]] [[USA]] Let's [[Quantify]] Let's [[Quantitative]] [[Approbation]] X3 ",0.0009859800338745117,0.35041069984436035,0,0,0,133,"Failed"
""""" US [[Dis]] """" ",""""" US [[Saying]] """" ",0.0013981461524963379,0.0019693970680236816,0,0,0,12,"Failed"
"localhost.localdomain -- SomeOrganization localhost.localdomain ","localhost.localdomain -- SomeOrganization localhost.localdomain ",0.0013493895530700684,0.0013493895530700684,0,0,0,6,"Failed"
"DcRat [[CN]] DcRat [[By]] qwqdanchun DcRat [[Server]] ","DcRat [[NC]] DcRat [[With]] qwqdanchun DcRat [[Servers]] ",0.0016314387321472168,0.0021227598190307617,0,0,0,39,"Failed"
"makarcheck.com US Let's [[Encrypt]] Let's [[Encrypt]] [[Authority]] X3 ","makarcheck.com US Let's [[Quantify]] Let's [[Numerical]] [[Authorize]] X3 ",0.001761317253112793,0.5538079142570496,0,1,0,95,"Successful"
"* XX 1 * ","* XX 1 * ",0.0017237663269042969,0.0017237663269042969,0,0,0,3,"Failed"
"* XX 1 * ","* XX 1 * ",0.0010417699813842773,0.0010417699813842773,0,0,0,3,"Failed"
""""" [[IT]] Internet Widgits Pty Ltd """" ",""""" [[EC]] Internet Widgits Pty Ltd """" ",0.0015909075736999512,0.0020491480827331543,0,0,0,44,"Failed"
"hillsbed.xyz [[US]] Let's Encrypt Let's Encrypt Authority X3 ","hillsbed.xyz [[WE]] Let's Encrypt Let's Encrypt Authority X3 ",0.000996410846710205,0.0021218061447143555,0,0,0,111,"Failed"
"localhost [[US]] [[domain]] localhost ","localhost [[AMERICAS]] [[minefields]] localhost ",0.0013489127159118652,0.002356588840484619,0,0,0,55,"Failed"
"newhopedream.com [[US]] Let's [[Encrypt]] Let's [[Encrypt]] [[Authority]] X3 ","newhopedream.com [[OUR]] Let's [[Cryptography]] Let's [[Quantify]] [[Certificates]] X3 ",0.001072704792022705,0.4518589377403259,0,0,0,114,"Failed"
"daspgpbjbj4ggg.xyz US Let's [[Encrypt]] R3 ","daspgpbjbj4ggg.xyz US Let's [[Encrypted]] R3 ",0.0187302827835083,0.026913046836853027,0,0,0,47,"Failed"
"forenzik.kz KZ NN [[Fern]] forenzik.kz ","forenzik.kz KZ NN [[Kessler]] forenzik.kz ",0.0015679001808166504,0.0037792325019836426,0,0,0,58,"Failed"
""""" [[AU]] [[Internet]] Widgits Pty [[Ltd]] """" ",""""" [[AFRICA]] [[Onscreen]] Widgits Pty [[Restricted]] """" ",0.0011702179908752441,0.0022538304328918457,0,0,0,37,"Failed"
"KAV """" """" KAV ","KAV """" """" KAV ",0.001371145248413086,0.001371145248413086,0,0,0,3,"Failed"
"forenzik.kz KZ NN [[Fern]] forenzik.kz ","forenzik.kz KZ NN [[Schoen]] forenzik.kz ",0.0018256902694702148,0.0041501522064208984,0,0,0,58,"Failed"
"baidu.[[com]] [[CN]] baidu LLC. baidu.[[com]] ","baidu.[[omg]] [[SN]] baidu LLC. baidu.[[kom]] ",0.001541733741760254,0.5835829973220825,0,1,0,18,"Successful"
"[[domain]].[[com]] US My Company Name [[LTD]]. domain.com ","[[spheres]].[[kom]] US My Company Name [[LIMITATION]]. domain.com ",0.0010838508605957031,0.9948797821998596,0,1,0,62,"Successful"
"DcRat [[CN]] DcRat [[By]] qwqdanchun DcRat [[Server]] ","DcRat [[NS]] DcRat [[For]] qwqdanchun DcRat [[Sever]] ",0.0012885332107543945,0.0019286274909973145,0,0,0,39,"Failed"
"[[example]].[[com]] GB Global Security [[example]].com ","[[lawsuits]].[[kom]] GB Global Security [[dossiers]].com ",0.0013198256492614746,0.9865676760673523,0,1,0,65,"Successful"
""""" US [[Dis]] """" ",""""" US [[Telling]] """" ",0.0010535120964050293,0.0013999342918395996,0,0,0,12,"Failed"
"qwertyhills92.spdns.org US Let's Encrypt Let's [[Encrypt]] [[Authority]] X3 ","qwertyhills92.spdns.org US Let's Encrypt Let's [[Code]] [[Authorize]] X3 ",0.0013093352317810059,0.983440101146698,0,1,0,72,"Successful"
"jquery.[[com]] US jQuery jquery.[[com]] ","jquery.[[kom]] US jQuery jquery.[[coms]] ",0.0022878646850585938,0.009210765361785889,0,0,0,29,"Failed"
"localhost AU [[Internet]] Widgits Pty Ltd localhost ","localhost AU [[Cyber]] Widgits Pty Ltd localhost ",0.0013533234596252441,0.0028051137924194336,0,0,0,42,"Failed"
"domain.[[com]] US My Company [[Name]] [[LTD]]. domain.[[com]] ","domain.[[kom]] US My Company [[Christening]] [[CONSTRAINED]]. domain.[[omg]] ",0.001204371452331543,0.9648866057395935,0,1,0,66,"Successful"
"AsyncRAT [[Server]] """" """" AsyncRAT [[Server]] ","AsyncRAT [[Severs]] """" """" AsyncRAT [[Retainers]] ",0.0013492703437805176,0.0017998218536376953,0,0,0,43,"Failed"
"vighik.xyz [[US]] Let's Encrypt Let's Encrypt [[Authority]] X3 ","vighik.xyz [[AMERICANA]] Let's Encrypt Let's Encrypt [[Empowered]] X3 ",0.001423478126525879,0.002361297607421875,0,0,0,111,"Failed"
"example.com GB Global Security [[example]].[[com]] ","example.com GB Global Security [[illustration]].[[kom]] ",0.0010554194450378418,0.9645934104919434,0,1,0,38,"Successful"
"domain.com US My Company Name LTD. [[domain]].[[com]] ","domain.com US My Company Name LTD. [[domino]].[[kom]] ",0.0015583634376525879,0.9912735819816589,0,1,0,75,"Successful"
"borrdrillling.[[com]] [[US]] cPanel, [[Inc]]. cPanel, [[Inc]]. Certification [[Authority]] ","borrdrillling.[[coms]] [[OSS]] cPanel, [[Lnc]]. cPanel, [[Serv]]. Certification [[Licenses]] ",0.0023036599159240723,0.6169270277023315,0,1,0,71,"Successful"
""""" US [[Dis]] """" ",""""" US [[Telling]] """" ",0.0022212862968444824,0.0025092363357543945,0,0,0,12,"Failed"
"* XX 1 * ","* XX 1 * ",0.001968681812286377,0.001968681812286377,0,0,0,3,"Failed"
"localhost [[AU]] [[Internet]] Widgits Pty Ltd localhost ","localhost [[UA]] [[Web]] Widgits Pty Ltd localhost ",0.0015072822570800781,0.0022853612899780273,0,0,0,42,"Failed"
"voidtools.xyz [[US]] Let's Encrypt R3 ","voidtools.xyz [[VS]] Let's Encrypt R3 ",0.28476572036743164,0.7650600075721741,0,1,0,23,"Successful"
"nupahe.com [[GB]] Sectigo Limited Sectigo RSA Domain Validation Secure Server CA ","nupahe.com [[MEGS]] Sectigo Limited Sectigo RSA Domain Validation Secure Server CA ",0.06786531209945679,0.8997228145599365,0,1,0,15,"Successful"
"localhost [[GB]] MyCompany [[Ltd]]. localhost ","localhost [[MEGS]] MyCompany [[Constrained]]. localhost ",0.0013546347618103027,0.0023151636123657227,0,0,0,24,"Failed"
"AsyncRAT [[Server]] """" """" AsyncRAT [[Server]] ","AsyncRAT [[Wench]] """" """" AsyncRAT [[Retainers]] ",0.0010371208190917969,0.0020545125007629395,0,0,0,43,"Failed"
"serverhosts.[[info]] [[XX]] XX serverhosts.[[info]] ","serverhosts.[[communication]] [[NINETEEN]] XX serverhosts.[[prompts]] ",0.0014235973358154297,0.0029352307319641113,0,0,0,56,"Failed"
"AsyncRAT Server """" """" AsyncRAT [[Server]] ","AsyncRAT Server """" """" AsyncRAT [[Retainers]] ",0.001459956169128418,0.0018047690391540527,0,0,0,43,"Failed"
"habbybearshop.[[top]] US Let's Encrypt R3 ","habbybearshop.[[main]] US Let's Encrypt R3 ",0.015258610248565674,0.9929383993148804,0,1,0,21,"Successful"
"* XX 1 * ","* XX 1 * ",0.001259148120880127,0.001259148120880127,0,0,0,3,"Failed"
"pharmarel.[[space]] [[US]] Let's Encrypt Let's Encrypt [[Authority]] X3 ","pharmarel.[[spacecraft]] [[OSS]] Let's Encrypt Let's Encrypt [[Authorize]] X3 ",0.001147627830505371,0.002318263053894043,0,0,0,121,"Failed"
"AsyncRAT Server """" """" AsyncRAT [[Server]] ","AsyncRAT Server """" """" AsyncRAT [[Serfs]] ",0.0008067488670349121,0.0021762847900390625,0,0,0,43,"Failed"
"uiyplk.xyz US Let's [[Encrypt]] Let's [[Encrypt]] Authority X3 ","uiyplk.xyz US Let's [[Encrypted]] Let's [[Coding]] Authority X3 ",0.001334547996520996,0.0019518136978149414,0,0,0,111,"Failed"
"secureav.pw US Let's [[Encrypt]] Let's [[Encrypt]] [[Authority]] X3 ","secureav.pw US Let's [[Encryption]] Let's [[Crypto]] [[Powers]] X3 ",0.0013848543167114258,0.007413923740386963,0,0,0,111,"Failed"
"* XX 1 * ","* XX 1 * ",0.0015946030616760254,0.0015946030616760254,0,0,0,3,"Failed"
""""" US [[Dis]] """" ",""""" US [[Saying]] """" ",0.0016773343086242676,0.00212705135345459,0,0,0,12,"Failed"
"OrcusServerCertificate """" """" OrcusServerCertificate ","OrcusServerCertificate """" """" OrcusServerCertificate ",0.002321302890777588,0.002321302890777588,0,0,0,3,"Failed"
"[[web]].[[local]] [[US]] MyCompany LLC [[web]].[[local]] ","[[webs]].[[regional]] [[AMERICAN]] MyCompany LLC [[www]].[[regional]] ",0.001400291919708252,0.8086075782775879,0,1,0,56,"Successful"
"poladidlei.[[website]] [[US]] Let's Encrypt Let's [[Encrypt]] [[Authority]] X3 ","poladidlei.[[www]] [[ONS]] Let's Encrypt Let's [[Cryptography]] [[Certificates]] X3 ",0.001498103141784668,0.7920805811882019,0,1,0,102,"Successful"
"girls4dating.asia [[AT]] ZeroSSL ZeroSSL RSA [[Domain]] [[Secure]] [[Site]] CA ","girls4dating.asia [[DE]] ZeroSSL ZeroSSL RSA [[Sphere]] [[Assuring]] [[Websites]] CA ",0.0026715993881225586,0.07997053861618042,0,0,0,194,"Failed"
"globalseodata.top US Let's Encrypt Let's Encrypt [[Authority]] X3 ","globalseodata.top US Let's Encrypt Let's Encrypt [[Jurisdiction]] X3 ",0.0010767579078674316,0.0026705265045166016,0,0,0,133,"Failed"
""""" US [[Dis]] """" ",""""" US [[Telling]] """" ",0.0016260147094726562,0.001766204833984375,0,0,0,12,"Failed"
"proat.com [[GB]] Pde Fpiooiui Fexecdu Elpsuimda proat.[[com]] ","proat.com [[MEGS]] Pde Fpiooiui Fexecdu Elpsuimda proat.[[omg]] ",0.0012826919555664062,0.010725200176239014,0,0,0,18,"Failed"
"katongaquarium.xyz [[US]] Let's [[Encrypt]] Let's [[Encrypt]] [[Authority]] X3 ","katongaquarium.xyz [[OSS]] Let's [[Cryptography]] Let's [[Quantify]] [[Body]] X3 ",0.0015638470649719238,0.0026712417602539062,0,0,0,111,"Failed"
"localhost [[AU]] Internet Widgits Pty [[Ltd]] localhost ","localhost [[AFRIKAANS]] Internet Widgits Pty [[Constrained]] localhost ",0.0015053749084472656,0.0025274157524108887,0,0,0,42,"Failed"
"rapid-stores.[[com]] [[US]] Let's Encrypt Let's [[Encrypt]] [[Authority]] X3 ","rapid-stores.[[omg]] [[AMERICAS]] Let's Encrypt Let's [[Ciphers]] [[Authorize]] X3 ",0.0014430880546569824,0.9183327555656433,0,1,0,90,"Successful"
"badlands's.org [[US]] goitre [[modeled]] badlands's.[[org]] ","badlands's.org [[NOUS]] goitre [[models]] badlands's.[[orchestrate]] ",0.003064870834350586,0.14738178253173828,0,0,0,84,"Failed"
"[[www]].XF0VTbKz.com US 3pcwtEZb7TlnCKlV. www.XF0VTbKz.[[com]] ","[[sss]].XF0VTbKz.com US 3pcwtEZb7TlnCKlV. www.XF0VTbKz.[[kom]] ",0.0028119683265686035,0.689000129699707,0,1,0,15,"Successful"
"getfiles24.[[top]] [[US]] Let's [[Encrypt]] Let's [[Encrypt]] [[Authority]] X3 ","getfiles24.[[upper]] [[AMERICANA]] Let's [[Quantify]] Let's [[Algorithms]] [[Authorise]] X3 ",0.0012902021408081055,0.005637526512145996,0,0,0,125,"Failed"
"nbipbovdsv.mobi [[OA]] Uisn Zeteol Eylc Nuetassu nbipbovdsv.mobi ","nbipbovdsv.mobi [[PA]] Uisn Zeteol Eylc Nuetassu nbipbovdsv.mobi ",0.001620173454284668,0.0025268197059631348,0,0,0,15,"Failed"
"8tatodckerengul.[[men]] LI Ofalyg [[S]].[[R]].[[O]]. 8tatodckerengul.[[men]] ","8tatodckerengul.[[boys]] LI Ofalyg [[ies]].[[rs]].[[macao]]. 8tatodckerengul.[[muchachos]] ",0.002269446849822998,0.8739203214645386,0,1,0,95,"Successful"
"ondsanbemer.zm [[TW]] Rtiocoanm Inell FCP ondsanbemer.zm ","ondsanbemer.zm [[TWA]] Rtiocoanm Inell FCP ondsanbemer.zm ",0.002029120922088623,0.0026184916496276855,0,0,0,11,"Failed"
""""" US Dis """" ",""""" US Dis """" ",0.0018457770347595215,0.0018457770347595215,0,0,0,12,"Failed"
"microsoftstoreservice.[[com]] [[GB]] [[Security]] microsoftstoreservice.[[com]] ","microsoftstoreservice.[[coms]] [[MEGS]] [[Secured]] microsoftstoreservice.[[omg]] ",0.0016568899154663086,0.008851408958435059,0,0,0,57,"Failed"
""""" [[zz]] [[Default]] [[Company]] [[Ltd]] """" ",""""" [[allman]] [[Impossibility]] [[Entrepreneur]] [[Constrained]] """" ",0.000925898551940918,0.002310633659362793,0,0,0,72,"Failed"
"DcRat [[CN]] DcRat [[By]] qwqdanchun [[test]] ","DcRat [[NS]] DcRat [[In]] qwqdanchun [[trials]] ",0.0010668635368347168,0.0025275349617004395,0,0,0,68,"Failed"
"[[domain]].[[com]] US My Company Name [[LTD]]. domain.com ","[[minefields]].[[kom]] US My Company Name [[SCANT]]. domain.com ",0.0016183853149414062,0.955757737159729,0,1,0,62,"Successful"
"bbaba2020.duckdns.org US Let's Encrypt Let's [[Encrypt]] [[Authority]] X3 ","bbaba2020.duckdns.org US Let's Encrypt Let's [[Code]] [[Authorize]] X3 ",0.0019052624702453613,0.9851126670837402,0,1,0,72,"Successful"
"news.lainertz.com US Let's Encrypt Let's [[Encrypt]] [[Authority]] X3 ","news.lainertz.com US Let's Encrypt Let's [[Quantify]] [[Authorize]] X3 ",0.001408398151397705,0.99515700340271,0,1,0,72,"Successful"
"treateninz.com US Let's [[Encrypt]] Let's [[Encrypt]] [[Authority]] X3 ","treateninz.com US Let's [[Encoder]] Let's [[Numerical]] [[Authorize]] X3 ",0.00147247314453125,0.1955927610397339,0,0,0,114,"Failed"
"adsgjuhsdgubhu4.xyz [[US]] Let's Encrypt R3 ","adsgjuhsdgubhu4.xyz [[VERSUS]] Let's Encrypt R3 ",0.028073549270629883,0.03492003679275513,0,0,0,47,"Failed"
""""" US [[Dis]] """" ",""""" US [[Saying]] """" ",0.0013523697853088379,0.0017266273498535156,0,0,0,12,"Failed"
"dungdoptiop.xyz US Let's [[Encrypt]] Let's Encrypt [[Authority]] X3 ","dungdoptiop.xyz US Let's [[Cipher]] Let's Encrypt [[Permits]] X3 ",0.0015211701393127441,0.0030570626258850098,0,0,0,111,"Failed"
"DcRat CN DcRat [[By]] qwqdanchun DcRat Server ","DcRat CN DcRat [[During]] qwqdanchun DcRat Server ",0.0012746453285217285,0.0021663308143615723,0,0,0,39,"Failed"
"niloiuyrt.info [[US]] Let's [[Encrypt]] Let's [[Encrypt]] [[Authority]] X3 ","niloiuyrt.info [[AMERICA]] Let's [[Numerical]] Let's [[Algorithms]] [[Authorise]] X3 ",0.001350700855255127,0.9135556221008301,0,1,0,113,"Successful"
"localhost [[AU]] Internet Widgits Pty Ltd localhost ","localhost [[AFRICANS]] Internet Widgits Pty Ltd localhost ",0.0018624067306518555,0.002204418182373047,0,0,0,42,"Failed"
""""" XX [[Default]] [[Company]] [[Ltd]] """" ",""""" XX [[Defaults]] [[Firms]] [[Restrained]] """" ",0.0013772249221801758,0.002178668975830078,0,0,0,70,"Failed"
"localhost [[AU]] [[Internet]] Widgits Pty Ltd localhost ","localhost [[AFRICAN]] [[Cyber]] Widgits Pty Ltd localhost ",0.0017981529235839844,0.0027832984924316406,0,0,0,42,"Failed"
"localhost [[AU]] [[Internet]] Widgits Pty Ltd localhost ","localhost [[AFRICANS]] [[Web]] Widgits Pty Ltd localhost ",0.001138448715209961,0.0036919116973876953,0,0,0,42,"Failed"
"AsyncRAT Server """" """" AsyncRAT [[Server]] ","AsyncRAT Server """" """" AsyncRAT [[Severs]] ",0.0007361769676208496,0.0016317963600158691,0,0,0,43,"Failed"
"emells.ir US Let's Encrypt Let's [[Encrypt]] [[Authority]] X3 ","emells.ir US Let's Encrypt Let's [[Numerical]] [[Authorize]] X3 ",0.0016446709632873535,0.9714027643203735,0,1,0,71,"Successful"
"remotecert """" """" remotecert ","remotecert """" """" remotecert ",0.001322925090789795,0.001322925090789795,0,0,0,3,"Failed"
""""" US [[Dis]] """" ",""""" US [[Saying]] """" ",0.0014474987983703613,0.002328217029571533,0,0,0,12,"Failed"
"bakcup-monster.com US lol bakcup-monster.[[com]] ","bakcup-monster.com US lol bakcup-monster.[[kom]] ",0.001739799976348877,0.9368761777877808,0,1,0,10,"Successful"
"Qlxdgrtrjikxt Ysxchsusq [[EB]] Rvkmjrufvc Qlxdgrtrjikxt Ysxchsusq ","Qlxdgrtrjikxt Ysxchsusq [[CJ]] Rvkmjrufvc Qlxdgrtrjikxt Ysxchsusq ",0.0011730790138244629,0.0017572641372680664,0,0,0,10,"Failed"
"AsyncRAT Server """" """" AsyncRAT [[Server]] ","AsyncRAT Server """" """" AsyncRAT [[Vassals]] ",0.0013824701309204102,0.0018633604049682617,0,0,0,43,"Failed"
""""" [[XX]] [[Default]] [[Company]] [[Ltd]] """" ",""""" [[TWENTIETH]] [[Implied]] [[Societal]] [[Restrained]] """" ",0.0012561678886413574,0.002214193344116211,0,0,0,70,"Failed"
"medireab.ga [[US]] cPanel, [[Inc]]. cPanel, Inc. Certification [[Authority]] ","medireab.ga [[ONS]] cPanel, [[Lnc]]. cPanel, Inc. Certification [[Furlough]] ",0.003948628902435303,0.574435830116272,0,1,0,69,"Successful"
"torpic.xyz US Let's Encrypt Let's [[Encrypt]] [[Authority]] X3 ","torpic.xyz US Let's Encrypt Let's [[Cypher]] [[Authorize]] X3 ",0.0018025040626525879,0.0022023916244506836,0,0,0,111,"Failed"
"BitRAT """" """" BitRAT ","BitRAT """" """" BitRAT ",0.0012306571006774902,0.0012306571006774902,0,0,0,3,"Failed"
"[[Penny]] """" """" [[Penny]] ","[[Benny]] """" """" [[Pence]] ",0.0016194581985473633,0.002933323383331299,0,0,0,26,"Failed"
"enrichcollege.xyz US Let's [[Encrypt]] Let's [[Encrypt]] [[Authority]] X3 ","enrichcollege.xyz US Let's [[Crypto]] Let's [[Codes]] [[Authorize]] X3 ",0.0012633204460144043,0.0035295486450195312,0,0,0,111,"Failed"
"Oracle [[America]], Inc. US Oracle [[America]], Inc. Oracle [[America]], [[Inc]]. ","Oracle [[Americas]], Inc. US Oracle [[Usa]], Inc. Oracle [[Unidos]], [[Serv]]. ",0.002468883991241455,0.03172987699508667,0,0,0,81,"Failed"
"allgacyfcu.com [[US]] Let's [[Encrypt]] Let's [[Encrypt]] [[Authority]] X3 ","allgacyfcu.com [[USA]] Let's [[Cryptography]] Let's [[Quantify]] [[Certificates]] X3 ",0.0012788176536560059,0.07297748327255249,0,0,0,114,"Failed"
"bikweb.[[com]] US Let's [[Encrypt]] Let's [[Encrypt]] [[Authority]] X3 ","bikweb.[[coms]] US Let's [[Quantify]] Let's [[Numerical]] [[Authorize]] X3 ",0.0014133453369140625,0.31176674365997314,0,0,0,114,"Failed"
"* XX 1 * ","* XX 1 * ",0.001564323902130127,0.001564323902130127,0,0,0,3,"Failed"
"nexuslogger.com [[GB]] COMODO [[CA]] Limited COMODO RSA Domain Validation Secure Server [[CA]] ","nexuslogger.com [[MEGS]] COMODO [[CALIFORNIAN]] Limited COMODO RSA Domain Validation Secure Server [[AI]] ",0.00429612398147583,0.8218882083892822,0,1,0,52,"Successful"
"BitRAT """" """" BitRAT ","BitRAT """" """" BitRAT ",0.0013740062713623047,0.0013740062713623047,0,0,0,3,"Failed"
"DcRat [[CN]] DcRat [[By]] qwqdanchun [[Server]] ","DcRat [[NP]] DcRat [[Through]] qwqdanchun [[Bartender]] ",0.0012886524200439453,0.00215303897857666,0,0,0,38,"Failed"
"* XX 1 * ","* XX 1 * ",0.0014673471450805664,0.0014673471450805664,0,0,0,3,"Failed"
"AsyncRAT [[Server]] """" """" AsyncRAT Server ","AsyncRAT [[Barmaid]] """" """" AsyncRAT Server ",0.0008632540702819824,0.0017920732498168945,0,0,0,43,"Failed"
"ch12ozoo.com US Let's [[Encrypt]] Let's [[Encrypt]] [[Authority]] X3 ","ch12ozoo.com US Let's [[Quantify]] Let's [[Numerical]] [[Authorise]] X3 ",0.001148223876953125,0.03087782859802246,0,0,0,114,"Failed"
"disaaxpalallow.me [[GB]] COMODO [[CA]] Limited COMODO RSA Domain Validation Secure Server CA ","disaaxpalallow.me [[MEGS]] COMODO [[CALIFORNIAN]] Limited COMODO RSA Domain Validation Secure Server CA ",0.004705250263214111,0.6651194095611572,0,1,0,33,"Successful"
""""" [[XX]] Default [[Company]] [[Ltd]] """" ",""""" [[TWENTIETH]] Default [[Societal]] [[Limitation]] """" ",0.001139521598815918,0.0028601884841918945,0,0,0,70,"Failed"
"ericsgamesz.com US Let's [[Encrypt]] Let's Encrypt [[Authority]] X3 ","ericsgamesz.com US Let's [[Quantify]] Let's Encrypt [[Authorize]] X3 ",0.001354515552520752,0.5374118089675903,0,1,0,71,"Successful"
"[[example]].[[com]] [[GB]] [[Global]] [[Security]] [[example]].com ","[[cas]].[[coms]] [[MEGS]] [[Welt]] [[Guaranty]] [[illustrations]].com ",0.001202225685119629,0.8975135087966919,0,1,0,143,"Successful"
""""" US [[Dis]] """" ",""""" US [[Told]] """" ",0.0014908909797668457,0.0022333860397338867,0,0,0,12,"Failed"
"BitRAT """" """" BitRAT ","BitRAT """" """" BitRAT ",0.0017181634902954102,0.0017181634902954102,0,0,0,3,"Failed"
"Orcus [[Server]] """" """" Orcus [[Server]] ","Orcus [[Bartenders]] """" """" Orcus [[Barmaid]] ",0.0009140968322753906,0.0015732049942016602,0,0,0,43,"Failed"
"localhost [[GB]] MyCompany [[Ltd]]. localhost ","localhost [[MEGS]] MyCompany [[Limiting]]. localhost ",0.0017608404159545898,0.0027919411659240723,0,0,0,24,"Failed"
"localhost [[AU]] [[Internet]] Widgits Pty Ltd localhost ","localhost [[AFRICAN]] [[Network]] Widgits Pty Ltd localhost ",0.0018151402473449707,0.0028064846992492676,0,0,0,42,"Failed"
"ErvIn's.[[space]] US [[levies]] [[reaffirm]] ErvIn's.[[space]] ","ErvIn's.[[separation]] US [[specimens]] [[affirmed]] ErvIn's.[[margin]] ",0.0018302202224731445,0.0028879642486572266,0,0,0,119,"Failed"
"BitRAT """" """" BitRAT ","BitRAT """" """" BitRAT ",0.001513361930847168,0.001513361930847168,0,0,0,3,"Failed"
"baj3tu.xyz [[US]] Let's [[Encrypt]] Let's Encrypt Authority X3 ","baj3tu.xyz [[AMERICANA]] Let's [[Code]] Let's Encrypt Authority X3 ",0.0011020898818969727,0.00228118896484375,0,0,0,111,"Failed"
"mikolapower.[[host]] US Let's [[Encrypt]] Let's [[Encrypt]] [[Authority]] X3 ","mikolapower.[[receiving]] US Let's [[Encrypted]] Let's [[Cypher]] [[Certificates]] X3 ",0.0015620589256286621,0.002940654754638672,0,0,0,137,"Failed"
"afspfigjeb.[[cn]] US Let's Encrypt R3 ","afspfigjeb.[[np]] US Let's Encrypt R3 ",0.024018168449401855,0.569044291973114,0,1,0,11,"Successful"
"afspfigjeb.[[cn]] US Let's Encrypt R3 ","afspfigjeb.[[np]] US Let's Encrypt R3 ",0.016020894050598145,0.5950972437858582,0,1,0,11,"Successful"
"* XX 1 * ","* XX 1 * ",0.002080976963043213,0.002080976963043213,0,0,0,3,"Failed"
"AsyncRAT [[Server]] """" """" AsyncRAT [[Server]] ","AsyncRAT [[Officials]] """" """" AsyncRAT [[Sever]] ",0.0014056563377380371,0.001799464225769043,0,0,0,43,"Failed"
"d2zjc3191twk8ym.xyz [[US]] Let's [[Encrypt]] R3 ","d2zjc3191twk8ym.xyz [[AMERICAS]] Let's [[Quantify]] R3 ",0.035943567752838135,0.43070387840270996,0,0,0,47,"Failed"
"AsyncRAT [[Server]] """" """" AsyncRAT [[Server]] ","AsyncRAT [[Severs]] """" """" AsyncRAT [[Vassals]] ",0.0014047026634216309,0.0017049908638000488,0,0,0,43,"Failed"
"worldatdoor.in US cPanel, [[Inc]]. cPanel, Inc. [[Certification]] [[Authority]] ","worldatdoor.in US cPanel, [[Serv]]. cPanel, Inc. [[Cert]] [[Consents]] ",0.003632664680480957,0.764279842376709,0,1,0,87,"Successful"
""""" US [[Dis]] """" ",""""" US [[Saying]] """" ",0.0017787814140319824,0.0018864870071411133,0,0,0,12,"Failed"
""""" AU Internet Widgits Pty Ltd """" ",""""" AU Internet Widgits Pty Ltd """" ",0.0022563934326171875,0.0022563934326171875,0,0,0,37,"Failed"
"[[Venom]] [[CN]] [[Venom]] By VenomSoftware Venom [[Server]] ","[[Cream]] [[NS]] [[Creme]] By VenomSoftware Venom [[Servants]] ",0.0015017986297607422,0.0034940242767333984,0,0,0,78,"Failed"
"Quasar [[Server]] [[CA]] """" """" Quasar [[Server]] [[CA]] ","Quasar [[Servers]] [[LDA]] """" """" Quasar [[Serfs]] [[DO]] ",0.001247406005859375,0.004670619964599609,0,0,0,81,"Failed"
"AsyncRAT [[Server]] """" """" AsyncRAT [[Server]] ","AsyncRAT [[Wench]] """" """" AsyncRAT [[Sever]] ",0.0010232925415039062,0.0019435286521911621,0,0,0,43,"Failed"
"DcRat [[CN]] DcRat [[By]] qwqdanchun GoogleUpdate ","DcRat [[NC]] DcRat [[Under]] qwqdanchun GoogleUpdate ",0.001473069190979004,0.0018364787101745605,0,0,0,19,"Failed"
"DcRat CN DcRat By qwqdanchun DcRat [[Server]] ","DcRat CN DcRat By qwqdanchun DcRat [[Retainers]] ",0.001683950424194336,0.0023259520530700684,0,0,0,39,"Failed"
"AsyncRAT Server """" """" AsyncRAT [[Server]] ","AsyncRAT Server """" """" AsyncRAT [[Servant]] ",0.0012312531471252441,0.0021460652351379395,0,0,0,43,"Failed"
"lambada.[[icu]] US Let's Encrypt Let's [[Encrypt]] [[Authority]] X3 ","lambada.[[nicu]] US Let's Encrypt Let's [[Quantify]] [[Authorize]] X3 ",0.0012311339378356934,0.9452129602432251,0,1,0,74,"Successful"
"AsyncRAT Server """" """" AsyncRAT [[Server]] ","AsyncRAT Server """" """" AsyncRAT [[Servants]] ",0.0008465051651000977,0.001701653003692627,0,0,0,43,"Failed"
"Hkm FQ Lwggbfok Hkm ","Hkm FQ Lwggbfok Hkm ",0.0011421442031860352,0.0011421442031860352,0,0,0,5,"Failed"
"localhost [[AU]] Internet Widgits Pty Ltd localhost ","localhost [[AFRICAN]] Internet Widgits Pty Ltd localhost ",0.0015070438385009766,0.0026130080223083496,0,0,0,42,"Failed"
"payday.kozow.com US Let's Encrypt Let's Encrypt [[Authority]] X3 ","payday.kozow.com US Let's Encrypt Let's Encrypt [[Authorize]] X3 ",0.0023061633110046387,0.7857436537742615,0,1,0,48,"Successful"
"192.236.176.108 [[uu]] ddeef 192.236.176.108 ","192.236.176.108 [[presbyterian]] ddeef 192.236.176.108 ",0.00227433443069458,0.0022840499877929688,0,0,0,12,"Failed"
"* XX 1 * ","* XX 1 * ",0.0018292665481567383,0.0018292665481567383,0,0,0,3,"Failed"
"* XX 1 * ","* XX 1 * ",0.0014597177505493164,0.0014597177505493164,0,0,0,3,"Failed"
"dross-technology.[[com]] [[US]] cPanel, [[Inc]]. cPanel, [[Inc]]. Certification [[Authority]] ","dross-technology.[[kom]] [[AMERICAS]] cPanel, [[Lnc]]. cPanel, [[Serv]]. Certification [[Credentials]] ",0.003118276596069336,0.671655535697937,0,1,0,72,"Successful"
"lifemaindecision.[[top]] US Let's Encrypt R3 ","lifemaindecision.[[alto]] US Let's Encrypt R3 ",0.04483354091644287,0.9980226159095764,0,1,0,29,"Successful"
"DcRat CN DcRat [[By]] qwqdanchun DcRat [[Server]] ","DcRat CN DcRat [[Among]] qwqdanchun DcRat [[Serfs]] ",0.0016236305236816406,0.002986907958984375,0,0,0,39,"Failed"
"localhost GB MyCompany [[Ltd]]. localhost ","localhost GB MyCompany [[Narrow]]. localhost ",0.0014893412590026855,0.0029197335243225098,0,0,0,24,"Failed"
"chinaandkoreacriminalaffairs.kz GB COMODO [[CA]] [[Limited]] COMODO RSA Domain Validation Secure Server [[CA]] ","chinaandkoreacriminalaffairs.kz GB COMODO [[CALIFORNIAN]] [[Petite]] COMODO RSA Domain Validation Secure Server [[AI]] ",0.005153179168701172,0.6781795024871826,0,1,0,100,"Successful"
"DcRat CN DcRat [[By]] qwqdanchun DcRat [[Server]] ","DcRat CN DcRat [[At]] qwqdanchun DcRat [[Sever]] ",0.0016075968742370605,0.002109706401824951,0,0,0,39,"Failed"
"rockyenergy.hopto.org US Let's Encrypt Let's Encrypt [[Authority]] X3 ","rockyenergy.hopto.org US Let's Encrypt Let's Encrypt [[Authorize]] X3 ",0.0014538764953613281,0.8202402591705322,0,1,0,48,"Successful"
"localhost [[GB]] MyCompany [[Ltd]]. localhost ","localhost [[MB]] MyCompany [[Limiting]]. localhost ",0.0008578300476074219,0.002188384532928467,0,0,0,24,"Failed"
"gsdgjgjifacv.xyz US Let's [[Encrypt]] Let's [[Encrypt]] [[Authority]] X3 ","gsdgjgjifacv.xyz US Let's [[Encoder]] Let's [[Cryptography]] [[Powers]] X3 ",0.0011271834373474121,0.003074467182159424,0,0,0,111,"Failed"
"mailbox.outlook-msdn.com US Let's Encrypt Let's [[Encrypt]] [[Authority]] X3 ","mailbox.outlook-msdn.com US Let's Encrypt Let's [[Quantify]] [[Authorize]] X3 ",0.0013990998268127441,0.9948105216026306,0,1,0,72,"Successful"
""""" US [[Dis]] """" ",""""" US [[Telling]] """" ",0.0015071630477905273,0.001970350742340088,0,0,0,12,"Failed"
""""" XX [[Default]] [[Company]] [[Ltd]] """" ",""""" XX [[Defaulted]] [[Ventures]] [[Limited]] """" ",0.0012218356132507324,0.0022991299629211426,0,0,0,70,"Failed"
"devicelease.xyz US Let's [[Encrypt]] Let's [[Encrypt]] [[Authority]] X3 ","devicelease.xyz US Let's [[Encoder]] Let's [[Encryption]] [[Credentials]] X3 ",0.0009340643882751465,0.002781510353088379,0,0,0,111,"Failed"
"AsyncRAT [[Server]] """" """" AsyncRAT [[Server]] ","AsyncRAT [[Sever]] """" """" AsyncRAT [[Serfs]] ",0.0013009309768676758,0.0023453831672668457,0,0,0,43,"Failed"
"localhost [[AU]] Internet Widgits Pty Ltd localhost ","localhost [[AFRICAN]] Internet Widgits Pty Ltd localhost ",0.0012273192405700684,0.0025980472564697266,0,0,0,42,"Failed"
"AsyncRAT Server """" """" AsyncRAT [[Server]] ","AsyncRAT Server """" """" AsyncRAT [[Waiters]] ",0.000792086124420166,0.0017775893211364746,0,0,0,43,"Failed"
""""" US Dis """" ",""""" US Dis """" ",0.0016443133354187012,0.0016443133354187012,0,0,0,12,"Failed"
"localhost [[AU]] Internet Widgits Pty [[Ltd]] localhost ","localhost [[AFRICAN]] Internet Widgits Pty [[Curtailed]] localhost ",0.0016980171203613281,0.0025374889373779297,0,0,0,42,"Failed"
""""" US [[Dis]] """" ",""""" US [[Telling]] """" ",0.0012077093124389648,0.0027711987495422363,0,0,0,12,"Failed"
"forenzik.kz KZ NN [[Fern]] forenzik.kz ","forenzik.kz KZ NN [[Schoen]] forenzik.kz ",0.001255631446838379,0.0037334561347961426,0,0,0,58,"Failed"
"standaradbnk.com [[GB]] Sectigo Limited Sectigo RSA Domain Validation Secure Server CA ","standaradbnk.com [[MEGS]] Sectigo Limited Sectigo RSA Domain Validation Secure Server CA ",0.03958362340927124,0.9071654081344604,0,1,0,15,"Successful"
"* XX 1 * ","* XX 1 * ",0.0016736388206481934,0.0016736388206481934,0,0,0,3,"Failed"
"example.com GB Global Security [[example]].[[com]] ","example.com GB Global Security [[illustrations]].[[omg]] ",0.001021742820739746,0.9902564287185669,0,1,0,38,"Successful"
"def-update.com US Let's [[Encrypt]] Let's [[Encrypt]] [[Authority]] X3 ","def-update.com US Let's [[Quantify]] Let's [[Ciphers]] [[Authorize]] X3 ",0.0022302865982055664,0.7301807403564453,0,1,0,95,"Successful"
"[[Phoenix]] [[Rat]] Server """" """" [[Phoenix]] [[Rat]] [[Server]] ","[[Yutaka]] [[Hyena]] Server """" """" [[Fung]] [[Hyena]] [[Busboy]] ",0.001094818115234375,0.0032514333724975586,0,0,0,87,"Failed"
"* XX 1 * ","* XX 1 * ",0.0016217231750488281,0.0016217231750488281,0,0,0,3,"Failed"
"sak.myddns.com US Let's [[Encrypt]] Let's Encrypt [[Authority]] X3 ","sak.myddns.com US Let's [[Quantify]] Let's Encrypt [[Authorize]] X3 ",0.0016769766807556152,0.990140974521637,0,1,0,72,"Successful"
"detacher.xyz [[US]] Let's Encrypt R3 ","detacher.xyz [[VS]] Let's Encrypt R3 ",0.12427502870559692,0.687848687171936,0,1,0,23,"Successful"
"AsyncRAT Server """" """" AsyncRAT [[Server]] ","AsyncRAT Server """" """" AsyncRAT [[Serfs]] ",0.0008127093315124512,0.0017434954643249512,0,0,0,43,"Failed"
"Orcus Server """" """" Orcus [[Server]] ","Orcus Server """" """" Orcus [[Servant]] ",0.0008347034454345703,0.001804053783416748,0,0,0,43,"Failed"
""""" US [[Dis]] """" ",""""" US [[Telling]] """" ",0.001508951187133789,0.002250850200653076,0,0,0,12,"Failed"
"DcRat CN DcRat [[By]] qwqdanchun Server ","DcRat CN DcRat [[For]] qwqdanchun Server ",0.0014457106590270996,0.002111494541168213,0,0,0,38,"Failed"
"* XX 1 * ","* XX 1 * ",0.0020934343338012695,0.0020934343338012695,0,0,0,3,"Failed"
"AsyncRAT [[Server]] """" """" AsyncRAT [[Server]] ","AsyncRAT [[Waitress]] """" """" AsyncRAT [[Serfs]] ",0.0010551810264587402,0.0021672844886779785,0,0,0,43,"Failed"
"[[example]].[[com]] GB Global Security example.com ","[[illustrations]].[[kom]] GB Global Security example.com ",0.0014055371284484863,0.8395767211914062,0,1,0,38,"Successful"
"DcRat [[CN]] DcRat [[By]] qwqdanchun VenomServer ","DcRat [[SN]] DcRat [[With]] qwqdanchun VenomServer ",0.0013225674629211426,0.0013852119445800781,0,0,0,19,"Failed"
""""" US [[Dis]] """" ",""""" US [[Saying]] """" ",0.001367032527923584,0.0024016499519348145,0,0,0,12,"Failed"
"hitnaiguat.xyz [[US]] Let's [[Encrypt]] R3 ","hitnaiguat.xyz [[VERSUS]] Let's [[Encrypted]] R3 ",0.032662808895111084,0.05825388431549072,0,0,0,47,"Failed"
"letofavintha.[[kp]] [[AD]] Oaorvesi Rsaio [[SA]] letofavintha.kp ","letofavintha.[[burley]] [[PUBLICIZE]] Oaorvesi Rsaio [[SG]] letofavintha.kp ",0.001879274845123291,0.3477853536605835,0,0,0,56,"Failed"
"DcRat [[CN]] DcRat By qwqdanchun ?«[[ç]]?ä¼?ä?[[ç]]®¡ç? ","DcRat [[SN]] DcRat By qwqdanchun ?«[[ó]]?ä¼?ä?[[ª]]®¡ç? ",0.0014119744300842285,0.004006624221801758,0,0,0,49,"Failed"
"gidjshrvz.xyz US Let's Encrypt Let's [[Encrypt]] [[Authority]] X3 ","gidjshrvz.xyz US Let's Encrypt Let's [[Ciphers]] [[Authorize]] X3 ",0.0011194348335266113,0.0035282373428344727,0,0,0,111,"Failed"
"kemalllll """" """" kemalllll ","kemalllll """" """" kemalllll ",0.0017492175102233887,0.0017492175102233887,0,0,0,3,"Failed"
"BitRAT """" """" BitRAT ","BitRAT """" """" BitRAT ",0.0014933943748474121,0.0014933943748474121,0,0,0,3,"Failed"
"Quasar [[Server]] [[CA]] """" """" Quasar Server [[CA]] ","Quasar [[Waiters]] [[NOC]] """" """" Quasar Server [[DO]] ",0.0016840696334838867,0.002911508083343506,0,0,0,81,"Failed"
"azure-updatedb.at [[GB]] Sectigo Limited Sectigo RSA Domain Validation Secure Server CA ","azure-updatedb.at [[MEGS]] Sectigo Limited Sectigo RSA Domain Validation Secure Server CA ",0.019864201545715332,0.7221073508262634,0,1,0,14,"Successful"
"Quasar [[Server]] [[CA]] """" """" Quasar Server [[CA]] ","Quasar [[Vassals]] [[LDA]] """" """" Quasar Server [[CAN]] ",0.0011404752731323242,0.003517627716064453,0,0,0,81,"Failed"
"fatturadiitali.com US Let's [[Encrypt]] Let's [[Encrypt]] [[Authority]] X3 ","fatturadiitali.com US Let's [[Quantify]] Let's [[Numerical]] [[Authorize]] X3 ",0.0016921758651733398,0.8086643815040588,0,1,0,98,"Successful"
"akamaicln.com US Let's [[Encrypt]] Let's [[Encrypt]] [[Authority]] X3 ","akamaicln.com US Let's [[Quantify]] Let's [[Ciphers]] [[Authorise]] X3 ",0.0012581944465637207,0.0956830382347107,0,0,0,114,"Failed"
"AsyncRAT [[Server]] """" """" AsyncRAT Server ","AsyncRAT [[Waitresses]] """" """" AsyncRAT Server ",0.0009918808937072754,0.0015977025032043457,0,0,0,43,"Failed"
"DcRat [[CN]] DcRat [[By]] qwqdanchun MAYO ","DcRat [[SN]] DcRat [[During]] qwqdanchun MAYO ",0.0011662840843200684,0.0016016364097595215,0,0,0,23,"Failed"
"forenzik.kz KZ NN [[Fern]] forenzik.kz ","forenzik.kz KZ NN [[Kessler]] forenzik.kz ",0.0014547109603881836,0.0033909082412719727,0,0,0,58,"Failed"
"localhost [[AU]] [[Internet]] Widgits Pty Ltd localhost ","localhost [[AFRICA]] [[Network]] Widgits Pty Ltd localhost ",0.0014501214027404785,0.0030925869941711426,0,0,0,42,"Failed"
""""" US [[Dis]] """" ",""""" US [[Saying]] """" ",0.0013088583946228027,0.0017169713973999023,0,0,0,12,"Failed"
"localhost [[AU]] Internet Widgits Pty Ltd localhost ","localhost [[UA]] Internet Widgits Pty Ltd localhost ",0.0016037821769714355,0.0025019049644470215,0,0,0,42,"Failed"
""""" US [[Dis]] """" ",""""" US [[Saying]] """" ",0.0012850761413574219,0.0026531219482421875,0,0,0,12,"Failed"
"AsyncRAT [[Server]] """" """" AsyncRAT [[Server]] ","AsyncRAT [[Waiters]] """" """" AsyncRAT [[Vassals]] ",0.0014663934707641602,0.0017957687377929688,0,0,0,43,"Failed"
"wizardoz.[[club]] [[US]] Let's [[Encrypt]] Let's [[Encrypt]] [[Authority]] X3 ","wizardoz.[[discotheque]] [[VERSUS]] Let's [[Encode]] Let's [[Quantify]] [[Authorizing]] X3 ",0.0011943578720092773,0.008053481578826904,0,0,0,120,"Failed"
""""" AU Internet Widgits Pty Ltd """" ",""""" AU Internet Widgits Pty Ltd """" ",0.002102971076965332,0.002102971076965332,0,0,0,37,"Failed"
"AsyncRAT [[Server]] """" """" AsyncRAT [[Server]] ","AsyncRAT [[Sever]] """" """" AsyncRAT [[Barmaid]] ",0.0009211301803588867,0.0022085905075073242,0,0,0,43,"Failed"
""""" US [[Dis]] """" ",""""" US [[Confess]] """" ",0.001263439655303955,0.002041339874267578,0,0,0,12,"Failed"
"BitRAT """" """" BitRAT ","BitRAT """" """" BitRAT ",0.0009575486183166504,0.0009575486183166504,0,0,0,3,"Failed"
"3a60dc39.[[top]] US Let's Encrypt R3 ","3a60dc39.[[supremo]] US Let's Encrypt R3 ",0.004324018955230713,0.7260596752166748,0,1,0,30,"Successful"
"Quasar Server [[CA]] """" """" Quasar [[Server]] [[CA]] ","Quasar Server [[LDA]] """" """" Quasar [[Sever]] [[UI]] ",0.001238703727722168,0.003302931785583496,0,0,0,81,"Failed"
"yammz """" """" yammz ","yammz """" """" yammz ",0.0013666749000549316,0.0013666749000549316,0,0,0,3,"Failed"
"[[example]].com [[GB]] [[Global]] Security [[example]].[[com]] ","[[samples]].com [[MEGS]] [[Internationally]] Security [[lawsuits]].[[kom]] ",0.0013161301612854004,0.9934635162353516,0,1,0,101,"Successful"
""""" xx [[Default]] Company [[Ltd]] """" ",""""" xx [[Flaw]] Company [[Limited]] """" ",0.001504063606262207,0.0021517276763916016,0,0,0,70,"Failed"
"BitRAT """" """" BitRAT ","BitRAT """" """" BitRAT ",0.0013689398765563965,0.0013689398765563965,0,0,0,3,"Failed"
"prntscreen.[[pictures]] [[US]] Let's [[Encrypt]] Let's [[Encrypt]] [[Authority]] X3 ","prntscreen.[[pics]] [[USA]] Let's [[Quantify]] Let's [[Ciphers]] [[Authorizing]] X3 ",0.0012507438659667969,0.047313570976257324,0,0,0,159,"Failed"
"AsyncRAT [[Server]] """" """" AsyncRAT [[Server]] ","AsyncRAT [[Retainers]] """" """" AsyncRAT [[Officials]] ",0.0008293390274047852,0.002582073211669922,0,0,0,43,"Failed"
""""" AU [[Internet]] Widgits Pty Ltd """" ",""""" AU [[Cyber]] Widgits Pty Ltd """" ",0.0018793940544128418,0.0023023486137390137,0,0,0,37,"Failed"
"jquery.[[com]] US jQuery jquery.[[com]] ","jquery.[[kom]] US jQuery jquery.[[omg]] ",0.0017729401588439941,0.007623195648193359,0,0,0,29,"Failed"
"localhost AU [[Internet]] Widgits Pty Ltd localhost ","localhost AU [[Website]] Widgits Pty Ltd localhost ",0.0016276240348815918,0.002130746841430664,0,0,0,42,"Failed"
"hmiu.xyz US Let's Encrypt Let's [[Encrypt]] [[Authority]] X3 ","hmiu.xyz US Let's Encrypt Let's [[Costed]] [[Licences]] X3 ",0.0011255145072937012,0.002116262912750244,0,0,0,111,"Failed"
"ams.mdx-trd.kz US Let's [[Encrypt]] Let's Encrypt [[Authority]] X3 ","ams.mdx-trd.kz US Let's [[Quantify]] Let's Encrypt [[Authorize]] X3 ",0.0018618106842041016,0.9532603025436401,0,1,0,72,"Successful"
"orzamorza.com US Let's Encrypt Let's [[Encrypt]] [[Authority]] X3 ","orzamorza.com US Let's Encrypt Let's [[Quantify]] [[Authorize]] X3 ",0.001505136489868164,0.5563253164291382,0,1,0,71,"Successful"
"AsyncRAT Server """" """" AsyncRAT [[Server]] ","AsyncRAT Server """" """" AsyncRAT [[Busboy]] ",0.0010524392127990723,0.0015246272087097168,0,0,0,43,"Failed"
""""" XX Default [[Company]] [[Ltd]] """" ",""""" XX Default [[Corporation]] [[Meagre]] """" ",0.0012832880020141602,0.002014756202697754,0,0,0,70,"Failed"
"nashrepouya.xyz US Let's [[Encrypt]] Let's Encrypt [[Authority]] X3 ","nashrepouya.xyz US Let's [[Algorithms]] Let's Encrypt [[Powers]] X3 ",0.0014097094535827637,0.003827512264251709,0,0,0,111,"Failed"
"richiealvin20202.ddns.net US Let's [[Encrypt]] Let's Encrypt [[Authority]] X3 ","richiealvin20202.ddns.net US Let's [[Quantify]] Let's Encrypt [[Authorize]] X3 ",0.0010014176368713379,0.5020221471786499,0,1,0,72,"Successful"
"bbbcleaner.at [[US]] Let's [[Encrypt]] Let's [[Encrypt]] [[Authority]] X3 ","bbbcleaner.at [[ONS]] Let's [[Quantify]] Let's [[Code]] [[Authorize]] X3 ",0.0011441707611083984,0.058595359325408936,0,0,0,110,"Failed"
"itonde9swheca.meveressecodbi.sv [[CV]] Iasecea Pordthe SCOP itonde9swheca.meveressecodbi.sv ","itonde9swheca.meveressecodbi.sv [[RESTARTS]] Iasecea Pordthe SCOP itonde9swheca.meveressecodbi.sv ",0.002476632595062256,0.003359198570251465,0,0,0,25,"Failed"
""""" US [[Dis]] """" ",""""" US [[Confess]] """" ",0.0012114644050598145,0.002165853977203369,0,0,0,12,"Failed"
"DcRat [[CN]] DcRat [[By]] qwqdanchun DcRat Server ","DcRat [[NP]] DcRat [[With]] qwqdanchun DcRat Server ",0.0012277960777282715,0.0023376941680908203,0,0,0,39,"Failed"
"ecb-european.info US Let's [[Encrypt]] Let's Encrypt [[Authority]] X3 ","ecb-european.info US Let's [[Quantify]] Let's Encrypt [[Authorize]] X3 ",0.0019844770431518555,0.9811967015266418,0,1,0,71,"Successful"
"gogowormdealer.[[top]] US Let's Encrypt R3 ","gogowormdealer.[[principal]] US Let's Encrypt R3 ",0.01111900806427002,0.9905955791473389,0,1,0,21,"Successful"
"BitRAT """" """" BitRAT ","BitRAT """" """" BitRAT ",0.0008349418640136719,0.0008349418640136719,0,0,0,3,"Failed"
"cocogzy.ddns.net US Let's Encrypt Let's [[Encrypt]] [[Authority]] X3 ","cocogzy.ddns.net US Let's Encrypt Let's [[Numerical]] [[Authorize]] X3 ",0.0015186667442321777,0.9632114768028259,0,1,0,72,"Successful"
"lkbyae.[[org]] DE Qtibmnz Tedmehou LLC. lkbyae.org ","lkbyae.[[agencies]] DE Qtibmnz Tedmehou LLC. lkbyae.org ",0.003679513931274414,0.15761041641235352,0,0,0,90,"Failed"
"microsoft.[[com]] [[US]] Private microsoft.[[com]] ","microsoft.[[omg]] [[ONS]] Private microsoft.[[kom]] ",0.002866506576538086,0.10572069883346558,0,0,0,31,"Failed"
"AsyncRAT [[Server]] """" """" AsyncRAT [[Server]] ","AsyncRAT [[Servants]] """" """" AsyncRAT [[Waitresses]] ",0.0012489557266235352,0.0016614198684692383,0,0,0,43,"Failed"
"Predgqupe.Cuvishifolicha.[[trade]] UY Fomikerd PEEC Predgqupe.Cuvishifolicha.[[trade]] ","Predgqupe.Cuvishifolicha.[[mercado]] UY Fomikerd PEEC Predgqupe.Cuvishifolicha.[[bartered]] ",0.0018700957298278809,0.00292205810546875,0,0,0,105,"Failed"
"videomart.[[top]] US Let's Encrypt R3 ","videomart.[[haute]] US Let's Encrypt R3 ",0.12244051694869995,0.9978007674217224,0,1,0,29,"Successful"
"localhost GB MyCompany [[Ltd]]. localhost ","localhost GB MyCompany [[Restricted]]. localhost ",0.0010995864868164062,0.0026577115058898926,0,0,0,24,"Failed"
"* XX 1 * ","* XX 1 * ",0.0018162131309509277,0.0018162131309509277,0,0,0,3,"Failed"
""""" US [[Dis]] """" ",""""" US [[Telling]] """" ",0.0014402270317077637,0.0017246007919311523,0,0,0,12,"Failed"
"localhost AU [[Internet]] Widgits Pty Ltd localhost ","localhost AU [[Cyber]] Widgits Pty Ltd localhost ",0.0014806389808654785,0.0026845335960388184,0,0,0,42,"Failed"
"fuke """" """" fuke ","fuke """" """" fuke ",0.00148850679397583,0.00148850679397583,0,0,0,3,"Failed"
"result.loseyourip.com US Let's Encrypt Let's [[Encrypt]] [[Authority]] X3 ","result.loseyourip.com US Let's Encrypt Let's [[Quantify]] [[Authorize]] X3 ",0.0012552738189697266,0.9905069470405579,0,1,0,72,"Successful"
"AsyncRAT [[Server]] """" """" AsyncRAT [[Server]] ","AsyncRAT [[Barmaid]] """" """" AsyncRAT [[Bartender]] ",0.0008345842361450195,0.001710355281829834,0,0,0,43,"Failed"
"Cloudflare [[US]] Cloudflare, Inc. [[Managed]] [[CA]] 45881812e058c0eb4acd0981e2afb079 ","Cloudflare [[ONS]] Cloudflare, Inc. [[Runs]] [[DO]] 45881812e058c0eb4acd0981e2afb079 ",0.004221200942993164,0.04525327682495117,0,0,0,84,"Failed"
"texestet.ru US Let's Encrypt Let's [[Encrypt]] [[Authority]] X3 ","texestet.ru US Let's Encrypt Let's [[Numerical]] [[Authorize]] X3 ",0.0014241933822631836,0.9597704410552979,0,1,0,71,"Successful"
"UnscaredLoader Server [[CA]] """" """" UnscaredLoader [[Server]] [[CA]] ","UnscaredLoader Server [[DOES]] """" """" UnscaredLoader [[Waiters]] [[LDA]] ",0.00107651948928833,0.002823948860168457,0,0,0,81,"Failed"
"PrivateRAT54342 """" """" PrivateRAT54342 ","PrivateRAT54342 """" """" PrivateRAT54342 ",0.0015430450439453125,0.0015430450439453125,0,0,0,3,"Failed"
"[[server]] """" """" [[server]] ","[[servant]] """" """" [[vassals]] ",0.000780940055847168,0.001984119415283203,0,0,0,41,"Failed"
"domain.com US My [[Company]] Name [[LTD]]. [[domain]].com ","domain.com US My [[Venture]] Name [[MEAGRE]]. [[fluent]].com ",0.0010445117950439453,0.6245700120925903,0,1,0,88,"Successful"
"localhost GB MyCompany [[Ltd]]. localhost ","localhost GB MyCompany [[Limiting]]. localhost ",0.001307666301727295,0.0021957755088806152,0,0,0,24,"Failed"
"* XX 1 * ","* XX 1 * ",0.001143813133239746,0.001143813133239746,0,0,0,3,"Failed"
"giprobiotic.[[com]] US Let's [[Encrypt]] Let's Encrypt [[Authority]] X3 ","giprobiotic.[[kom]] US Let's [[Quantify]] Let's Encrypt [[Authorize]] X3 ",0.001453995704650879,0.9374557137489319,0,1,0,74,"Successful"
""""" [[xx]] [[Default]] [[Company]] [[Ltd]] """" ",""""" [[twentieth]] [[Failure]] [[Firm]] [[Restrained]] """" ",0.0014240741729736328,0.0021250247955322266,0,0,0,70,"Failed"
"vuinuzhz.com """" """" vuinuzhz.[[com]] ","vuinuzhz.com """" """" vuinuzhz.[[omg]] ",0.0014592409133911133,0.0023532509803771973,0,0,0,11,"Failed"
""""" XX Default Company [[Ltd]] """" ",""""" XX Default Company [[Meagre]] """" ",0.0007926821708679199,0.0020495057106018066,0,0,0,70,"Failed"
"DcRat CN DcRat [[By]] qwqdanchun [[Cookies]] ","DcRat CN DcRat [[In]] qwqdanchun [[Bakery]] ",0.0013123154640197754,0.002566516399383545,0,0,0,69,"Failed"
"azuredbupdate.xyz [[AT]] ZeroSSL ZeroSSL RSA [[Domain]] [[Secure]] [[Site]] CA ","azuredbupdate.xyz [[THE]] ZeroSSL ZeroSSL RSA [[Fluent]] [[Insured]] [[Placements]] CA ",0.0025886893272399902,0.005486845970153809,0,0,0,182,"Failed"
""""" XX [[Default]] Company Ltd """" ",""""" XX [[Flaw]] Company Ltd """" ",0.0013881921768188477,0.0018209218978881836,0,0,0,70,"Failed"
"riighu4fg.pw [[US]] Let's Encrypt Let's Encrypt [[Authority]] X3 ","riighu4fg.pw [[V]] Let's Encrypt Let's Encrypt [[Permissions]] X3 ",0.0009923577308654785,0.002518951892852783,0,0,0,111,"Failed"
"AsyncRAT [[Server]] """" """" AsyncRAT [[Server]] ","AsyncRAT [[Retainers]] """" """" AsyncRAT [[Servants]] ",0.001068413257598877,0.0016701817512512207,0,0,0,43,"Failed"
